<?xml version="1.0" encoding="UTF-8"?>

<AllergyIntolerance xmlns="http://hl7.org/fhir">
  <id value="allergyintolerance-encounterReference-contained"/>
  <meta>
    <profile value="https://www.hl7belgium.org/fhir/StructureDefinition/be-allergyintolerance"/>
  </meta>
  <text>
    <status value="generated"/><div xmlns="http://www.w3.org/1999/xhtml"><p><b>Generated Narrative</b></p><p><b>clinicalStatus</b>: <span title="Codes: ">active</span></p><p><b>verificationStatus</b>: <span title="Codes: ">confirmed</span></p><p><b>type</b>: allergy</p><p><b>category</b>: food</p><p><b>criticality</b>: higher</p><p><b>code</b>: <span title="Codes: {http://snomed.info/sct 762952008}">Peanut (substance)</span></p><p><b>patient</b>: <a href="Patient/patient1">Patient/patient1</a></p><p><b>encounter</b>: <a name="example-encounter-uzgent-contained"> </a></p><blockquote><p><b>status</b>: finished</p><p><b>class</b>: <span title="{http://terminology.hl7.org/CodeSystem/v3-ActCode OBSENC}">observation encounter</span></p><p><b>period</b>: 2020-10-12 --&gt; 2020-10-15</p><h3>Locations</h3><table class="grid"><tr><td>-</td><td><b>Location</b></td></tr><tr><td>*</td><td><a href="Location/uz-gent">Location/uz-gent</a></td></tr></table></blockquote><p><b>onset</b>: 2004</p><p><b>recordedDate</b>: Oct 9, 2014, 3:58:00 AM</p><p><b>recorder</b>: <a href="Practitioner/practitioner1">Practitioner/practitioner1</a></p><p><b>asserter</b>: <a href="Patient/patient1">Patient/patient1</a></p><p><b>lastOccurrence</b>: 2012-06</p><p><b>note</b>: Some extra information can be given here.</p><h3>Reactions</h3><table class="grid"><tr><td>-</td><td><b>Manifestation</b></td><td><b>Onset</b></td><td><b>Severity</b></td></tr><tr><td>*</td><td><span title="Codes: {http://snomed.info/sct 39579001}">Anaphylaxis</span></td><td>2012-06-12</td><td>severe</td></tr></table></div>
  </text>
  <contained>
    <Encounter>
      <id value="example-encounter-uzgent-contained"/>
      <status value="finished"/>
      <class>
        <system value="http://terminology.hl7.org/CodeSystem/v3-ActCode"/>
        <code value="OBSENC"/>
      </class>
      <period>
        <start value="2020-10-12"/>
        <end value="2020-10-15"/>
      </period>
      <location>
        <location>
          <reference value="Location/uz-gent"/>
        </location>
      </location>
    </Encounter>
  </contained>
  <clinicalStatus>
    <coding>
      <code value="active"/>
    </coding>
  </clinicalStatus>
  <verificationStatus>
    <coding>
      <code value="confirmed"/>
    </coding>
  </verificationStatus>
  <type value="allergy"/>
  <category value="food"/>
  <criticality value="higher"/>
  <code>
    <coding>
      <system value="http://snomed.info/sct"/>
      <code value="762952008"/>
    </coding>
  </code>
  <patient>
    <reference value="Patient/patient1"/>
  </patient>
  <encounter>
    <reference value="#example-encounter-uzgent-contained"/>
  </encounter>
  <onsetDateTime value="2004"/>
  <recordedDate value="2014-10-09T14:58:00+11:00"/>
  <recorder>
    <reference value="Practitioner/practitioner1"/>
  </recorder>
  <asserter>
    <reference value="Patient/patient1"/>
  </asserter>
  <lastOccurrence value="2012-06"/>
  <note>
    <text value="Some extra information can be given here."/>
  </note>
  <reaction>
    <manifestation>
      <coding>
        <system value="http://snomed.info/sct"/>
        <code value="39579001"/>
      </coding>
    </manifestation>
    <onset value="2012-06-12"/>
    <severity value="severe"/>
  </reaction>
</AllergyIntolerance>