<?xml version="1.0" encoding="UTF-8"?>

<Immunization xmlns="http://hl7.org/fhir">
  <id value="toto-hexa4-skipped"/>
  <meta>
    <profile value="https://www.hl7belgium.org/fhir/StructureDefinition/be-vaccination"/>
  </meta>
  <text>
    <status value="extensions"/><div xmlns="http://www.w3.org/1999/xhtml"><p><b>Generated Narrative</b></p><p><b>Location (reference, code or text) of the vaccination</b>: <a href="Organization-org-one-brussels.html">Generated Summary: id: 457213512; active; name: ONE Brussels; https://www.one.be</a></p><p><b>How certain is the vaccination information - confirmed, not confirmed</b>: confirmed</p><p><b>identifier</b>: id: c3743217-7b07-4370-b5e2-3eb0f2af108a</p><p><b>status</b>: not-done</p><p><b>statusReason</b>: <span title="Codes: {http://terminology.hl7.org/CodeSystem/v3-ActReason MEDPREC}">medical precaution</span></p><p><b>vaccineCode</b>: <span title="Codes: {http://hl7.org/fhir/sid/cvx 146}">DTaP,IPV,Hib,HepB</span></p><p><b>patient</b>: <span></span></p><p><b>occurrence</b>: 2017-06-16</p><p><b>recorded</b>: 2017-06-16</p><blockquote><p><b>performer</b></p><p><b>actor</b>: <span></span></p></blockquote><blockquote><p><b>performer</b></p><p><b>actor</b>: <span></span></p></blockquote><p><b>reasonReference</b>: <a href="Observation-fever.html">Generated Summary: <span title="Codes: {http://snomed.info/sct 386661006}">Fever (finding)</span></a></p><h3>ProtocolApplieds</h3><table class="grid"><tr><td>-</td><td><b>DoseNumber[x]</b></td><td><b>SeriesDoses[x]</b></td></tr><tr><td>*</td><td>4</td><td>4</td></tr></table></div>
  </text>
  <extension url="https://www.hl7belgium.org/fhir/StructureDefinition/be-ext-vaccination-location">
    <valueReference>
      <reference value="Organization/org-one-brussels"/>
    </valueReference>
  </extension>
  <extension url="https://www.hl7belgium.org/fhir/StructureDefinition/be-ext-vaccination-confirmationStatus">
    <valueCode value="confirmed"/>
  </extension>
  <identifier>
    <system value="https://www.one.be/vaccination/immunisation-register"/>
    <value value="c3743217-7b07-4370-b5e2-3eb0f2af108a"/>
  </identifier>
  <status value="not-done"/>
  <statusReason>
    <coding>
      <system value="http://terminology.hl7.org/CodeSystem/v3-ActReason"/>
      <code value="MEDPREC"/>
    </coding>
  </statusReason>
  <vaccineCode>
    <coding>
      <system value="http://hl7.org/fhir/sid/cvx"/>
      <code value="146"/>
    </coding>
  </vaccineCode>
  <patient>
    <identifier>
      <system value="https://www.ehealth.fgov.be/standards/fhir/NamingSystem/ssin"/>
      <value value="16032376921"/>
    </identifier>
  </patient>
  <occurrenceDateTime value="2017-06-16"/>
  <recorded value="2017-06-16"/>
  <performer>
    <actor>
      <identifier>
        <system value="https://www.ehealth.fgov.be/standards/fhir/NamingSystem/nihdi-organization"/>
        <value value="NIHDI_ONE"/>
      </identifier>
    </actor>
  </performer>
  <performer>
    <actor>
      <identifier>
        <value value="ONE Nurse 2"/>
      </identifier>
    </actor>
  </performer>
  <reasonReference>
    <reference value="Observation/fever"/>
  </reasonReference>
  <protocolApplied>
    <doseNumberPositiveInt value="4"/>
    <seriesDosesPositiveInt value="4"/>
  </protocolApplied>
</Immunization>