<?xml version="1.0" encoding="UTF-8"?>

<Immunization xmlns="http://hl7.org/fhir">
  <id value="juan-hexa2-reported-hospital"/>
  <meta>
    <profile value="https://www.hl7belgium.org/fhir/StructureDefinition/be-vaccination"/>
  </meta>
  <text>
    <status value="extensions"/><div xmlns="http://www.w3.org/1999/xhtml"><p><b>Generated Narrative</b></p><p><b>How certain is the vaccination information - confirmed, not confirmed</b>: unconfirmed</p><p><b>identifier</b>: id: 093559dc-1aa9-4275-bcf1-f3161ccf9c24</p><p><b>status</b>: completed</p><p><b>vaccineCode</b>: <span title="Codes: {http://hl7.org/fhir/sid/cvx 146}">DTaP,IPV,Hib,HepB</span></p><p><b>patient</b>: <span></span></p><p><b>occurrence</b>: 2016-07-29</p><p><b>recorded</b>: 2016-07-29</p><p><b>manufacturer</b>: <a href="Organization-org-sanofi.html">Generated Summary: id: 111111111122; active; name: Sanofi France</a></p><p><b>lotNumber</b>: NA</p><p><b>doseQuantity</b>: 1</p><blockquote><p><b>performer</b></p><p><b>actor</b>: <span></span></p></blockquote><blockquote><p><b>performer</b></p><p><b>actor</b>: <span></span></p></blockquote><h3>ProtocolApplieds</h3><table class="grid"><tr><td>-</td><td><b>DoseNumber[x]</b></td><td><b>SeriesDoses[x]</b></td></tr><tr><td>*</td><td>2</td><td>3</td></tr></table></div>
  </text>
  <extension url="https://www.hl7belgium.org/fhir/StructureDefinition/be-ext-vaccination-confirmationStatus">
    <valueCode value="unconfirmed"/>
  </extension>
  <identifier>
    <system value="https://www.hospital1.be/vaccination/immunisation-register"/>
    <value value="093559dc-1aa9-4275-bcf1-f3161ccf9c24"/>
  </identifier>
  <status value="completed"/>
  <vaccineCode>
    <coding>
      <system value="http://hl7.org/fhir/sid/cvx"/>
      <code value="146"/>
    </coding>
    <coding>
      <code value="3050176"/>
    </coding>
  </vaccineCode>
  <patient>
    <identifier>
      <system value="https://www.ehealth.fgov.be/standards/fhir/NamingSystem/one-patientid"/>
      <value value="3564564568"/>
    </identifier>
  </patient>
  <occurrenceDateTime value="2016-07-29"/>
  <recorded value="2016-07-29"/>
  <manufacturer>
    <reference value="Organization/org-sanofi"/>
  </manufacturer>
  <lotNumber value="NA"/>
  <doseQuantity>
    <value value="1"/>
  </doseQuantity>
  <performer>
    <actor>
      <identifier>
        <system value="https://www.ehealth.fgov.be/standards/fhir/NamingSystem/nihdi-organization"/>
        <value value="NIHDI_HOSPITAL1"/>
      </identifier>
    </actor>
  </performer>
  <performer>
    <actor>
      <identifier>
        <value value="Hospital Nurse 2"/>
      </identifier>
    </actor>
  </performer>
  <protocolApplied>
    <doseNumberPositiveInt value="2"/>
    <seriesDosesPositiveInt value="3"/>
  </protocolApplied>
</Immunization>