<?xml version="1.0" encoding="UTF-8"?>

<ImplementationGuide xmlns="http://hl7.org/fhir">
  <id value="hl7.fhir.be.riziv"/>
  <text>
    <status value="extensions"/><div xmlns="http://www.w3.org/1999/xhtml"><h2>RIZIV_INAMI</h2><p>The official URL for this implementation guide is: </p><pre>https://www.hl7belgium.org/fhir/ImplementationGuide/hl7.fhir.be.riziv</pre><div><p>RIZIV-INAMI - Patient Summary Record Implementation Guide</p>
</div></div>
  </text>
  <url value="https://www.hl7belgium.org/fhir/ImplementationGuide/hl7.fhir.be.riziv"/>
  <version value="0.1.0"/>
  <name value="RIZIV_INAMI"/>
  <title value="RIZIV-INAMI Patient Record"/>
  <status value="draft"/>
  <experimental value="false"/>
  <date value="2021-06-15T20:40:52+00:00"/>
  <publisher value="RIZIV-INAMI"/>
  <contact>
    <telecom>
      <system value="url"/>
      <value value="http://somewhere.org"/>
    </telecom>
  </contact>
  <description value="RIZIV-INAMI - Patient Summary Record Implementation Guide"/>
  <jurisdiction>
    <coding>
      <system value="http://unstats.un.org/unsd/methods/m49/m49.htm"/>
      <code value="056"/>
    </coding>
    <coding>
      <system value="urn:iso:std:iso:3166"/>
      <code value="BE"/>
    </coding>
  </jurisdiction>
  <packageId value="hl7.fhir.be.riziv"/>
  <license value="CC0-1.0"/>
  <fhirVersion value="4.0.1"/>
  <definition>
    <extension url="http://hl7.org/fhir/tools/StructureDefinition/ig-parameter">
      <extension url="code">
        <valueString value="copyrightyear"/>
      </extension>
      <extension url="value">
        <valueString value="2019+"/>
      </extension>
    </extension>
    <extension url="http://hl7.org/fhir/tools/StructureDefinition/ig-parameter">
      <extension url="code">
        <valueString value="releaselabel"/>
      </extension>
      <extension url="value">
        <valueString value="CI Build"/>
      </extension>
    </extension>
    <extension url="http://hl7.org/fhir/tools/StructureDefinition/ig-parameter">
      <extension url="code">
        <valueString value="path-binary"/>
      </extension>
      <extension url="value">
        <valueString value="input\cql"/>
      </extension>
    </extension>
    <extension url="http://hl7.org/fhir/tools/StructureDefinition/ig-parameter">
      <extension url="code">
        <valueString value="excludettl"/>
      </extension>
      <extension url="value">
        <valueString value="true"/>
      </extension>
    </extension>
    <extension url="http://hl7.org/fhir/tools/StructureDefinition/ig-parameter">
      <extension url="code">
        <valueString value="autoload-resources"/>
      </extension>
      <extension url="value">
        <valueString value="true"/>
      </extension>
    </extension>
    <extension url="http://hl7.org/fhir/tools/StructureDefinition/ig-parameter">
      <extension url="code">
        <valueString value="path-liquid"/>
      </extension>
      <extension url="value">
        <valueString value="template/liquid"/>
      </extension>
    </extension>
    <extension url="http://hl7.org/fhir/tools/StructureDefinition/ig-parameter">
      <extension url="code">
        <valueString value="path-liquid"/>
      </extension>
      <extension url="value">
        <valueString value="input/liquid"/>
      </extension>
    </extension>
    <extension url="http://hl7.org/fhir/tools/StructureDefinition/ig-parameter">
      <extension url="code">
        <valueString value="path-qa"/>
      </extension>
      <extension url="value">
        <valueString value="temp/qa"/>
      </extension>
    </extension>
    <extension url="http://hl7.org/fhir/tools/StructureDefinition/ig-parameter">
      <extension url="code">
        <valueString value="path-temp"/>
      </extension>
      <extension url="value">
        <valueString value="temp/pages"/>
      </extension>
    </extension>
    <extension url="http://hl7.org/fhir/tools/StructureDefinition/ig-parameter">
      <extension url="code">
        <valueString value="path-output"/>
      </extension>
      <extension url="value">
        <valueString value="output"/>
      </extension>
    </extension>
    <extension url="http://hl7.org/fhir/tools/StructureDefinition/ig-parameter">
      <extension url="code">
        <valueString value="path-suppressed-warnings"/>
      </extension>
      <extension url="value">
        <valueString value="input/ignoreWarnings.txt"/>
      </extension>
    </extension>
    <extension url="http://hl7.org/fhir/tools/StructureDefinition/ig-parameter">
      <extension url="code">
        <valueString value="path-history"/>
      </extension>
      <extension url="value">
        <valueString value="https://www.hl7belgium.org/fhir/history.html"/>
      </extension>
    </extension>
    <extension url="http://hl7.org/fhir/tools/StructureDefinition/ig-parameter">
      <extension url="code">
        <valueString value="template-html"/>
      </extension>
      <extension url="value">
        <valueString value="template-page.html"/>
      </extension>
    </extension>
    <extension url="http://hl7.org/fhir/tools/StructureDefinition/ig-parameter">
      <extension url="code">
        <valueString value="template-md"/>
      </extension>
      <extension url="value">
        <valueString value="template-page-md.html"/>
      </extension>
    </extension>
    <extension url="http://hl7.org/fhir/tools/StructureDefinition/ig-parameter">
      <extension url="code">
        <valueString value="apply-contact"/>
      </extension>
      <extension url="value">
        <valueString value="true"/>
      </extension>
    </extension>
    <extension url="http://hl7.org/fhir/tools/StructureDefinition/ig-parameter">
      <extension url="code">
        <valueString value="apply-context"/>
      </extension>
      <extension url="value">
        <valueString value="true"/>
      </extension>
    </extension>
    <extension url="http://hl7.org/fhir/tools/StructureDefinition/ig-parameter">
      <extension url="code">
        <valueString value="apply-copyright"/>
      </extension>
      <extension url="value">
        <valueString value="true"/>
      </extension>
    </extension>
    <extension url="http://hl7.org/fhir/tools/StructureDefinition/ig-parameter">
      <extension url="code">
        <valueString value="apply-jurisdiction"/>
      </extension>
      <extension url="value">
        <valueString value="true"/>
      </extension>
    </extension>
    <extension url="http://hl7.org/fhir/tools/StructureDefinition/ig-parameter">
      <extension url="code">
        <valueString value="apply-license"/>
      </extension>
      <extension url="value">
        <valueString value="true"/>
      </extension>
    </extension>
    <extension url="http://hl7.org/fhir/tools/StructureDefinition/ig-parameter">
      <extension url="code">
        <valueString value="apply-publisher"/>
      </extension>
      <extension url="value">
        <valueString value="true"/>
      </extension>
    </extension>
    <extension url="http://hl7.org/fhir/tools/StructureDefinition/ig-parameter">
      <extension url="code">
        <valueString value="apply-version"/>
      </extension>
      <extension url="value">
        <valueString value="true"/>
      </extension>
    </extension>
    <extension url="http://hl7.org/fhir/tools/StructureDefinition/ig-parameter">
      <extension url="code">
        <valueString value="active-tables"/>
      </extension>
      <extension url="value">
        <valueString value="true"/>
      </extension>
    </extension>
    <resource>
      <extension url="http://hl7.org/fhir/tools/StructureDefinition/resource-information">
        <valueString value="StructureDefinition:logical"/>
      </extension>
      <reference>
        <reference value="StructureDefinition/be-model-vaccination"/>
      </reference>
      <fhirVersion value="4.0.1"/>
      <name value="Logical Model Vaccination"/>
      <description value="Vaccination logical model"/>
      <groupingId value="vaccination"/>
    </resource>
    <resource>
      <extension url="http://hl7.org/fhir/tools/StructureDefinition/resource-information">
        <valueString value="StructureDefinition:resource"/>
      </extension>
      <reference>
        <reference value="StructureDefinition/be-vaccination"/>
      </reference>
      <fhirVersion value="4.0.1"/>
      <name value="Vaccination core BE profile"/>
      <description value="The Core BE profile for Vaccination (event)"/>
      <groupingId value="vaccination"/>
    </resource>
    <resource>
      <extension url="http://hl7.org/fhir/tools/StructureDefinition/resource-information">
        <valueString value="StructureDefinition:extension"/>
      </extension>
      <reference>
        <reference value="StructureDefinition/be-ext-vaccination-location"/>
      </reference>
      <fhirVersion value="4.0.1"/>
      <name value="Location of the vaccination event"/>
      <description value="Location of the vaccination event"/>
      <groupingId value="vaccination"/>
    </resource>
    <resource>
      <extension url="http://hl7.org/fhir/tools/StructureDefinition/resource-information">
        <valueString value="CodeSystem"/>
      </extension>
      <reference>
        <reference value="CodeSystem/be-cs-care-location"/>
      </reference>
      <fhirVersion value="4.0.1"/>
      <name value="CodeSystem - Care location"/>
      <description value="The location of the care event"/>
      <groupingId value="vaccination"/>
    </resource>
    <resource>
      <extension url="http://hl7.org/fhir/tools/StructureDefinition/resource-information">
        <valueString value="CodeSystem"/>
      </extension>
      <reference>
        <reference value="CodeSystem/be-cs-vaccination-confirmation-status"/>
      </reference>
      <fhirVersion value="4.0.1"/>
      <name value="CodeSystem - vaccination confirmation status"/>
      <description value="The list of vaccination confirmation status"/>
      <groupingId value="vaccination"/>
    </resource>
    <resource>
      <extension url="http://hl7.org/fhir/tools/StructureDefinition/resource-information">
        <valueString value="CodeSystem"/>
      </extension>
      <reference>
        <reference value="CodeSystem/be-cs-vaccination-status-reason"/>
      </reference>
      <fhirVersion value="4.0.1"/>
      <name value="CodeSystem - vaccination status-reason"/>
      <description value="The list of vaccination status reason"/>
      <groupingId value="vaccination"/>
    </resource>
    <resource>
      <extension url="http://hl7.org/fhir/tools/StructureDefinition/resource-information">
        <valueString value="CodeSystem"/>
      </extension>
      <reference>
        <reference value="CodeSystem/be-cs-vaccination-administration-route"/>
      </reference>
      <fhirVersion value="4.0.1"/>
      <name value="CodeSystem - Vaccine Administration Route"/>
      <description value="The list of administration routes for vaccines"/>
      <groupingId value="vaccination"/>
    </resource>
    <resource>
      <extension url="http://hl7.org/fhir/tools/StructureDefinition/resource-information">
        <valueString value="ValueSet"/>
      </extension>
      <reference>
        <reference value="ValueSet/be-vs-care-location"/>
      </reference>
      <fhirVersion value="4.0.1"/>
      <name value="ValueSet - Care location"/>
      <description value="The list of Care locations"/>
      <groupingId value="vaccination"/>
    </resource>
    <resource>
      <extension url="http://hl7.org/fhir/tools/StructureDefinition/resource-information">
        <valueString value="ValueSet"/>
      </extension>
      <reference>
        <reference value="ValueSet/be-vs-vaccination-administration-route"/>
      </reference>
      <fhirVersion value="4.0.1"/>
      <name value="ValueSet - Vaccine Administration Route"/>
      <description value="The list of administration routes for vaccines"/>
      <groupingId value="vaccination"/>
    </resource>
    <resource>
      <extension url="http://hl7.org/fhir/tools/StructureDefinition/resource-information">
        <valueString value="ValueSet"/>
      </extension>
      <reference>
        <reference value="ValueSet/be-vs-vaccination-confirmation-status"/>
      </reference>
      <fhirVersion value="4.0.1"/>
      <name value="ValueSet - vaccination confirmation status"/>
      <description value="The list of vaccination confirmation status"/>
      <groupingId value="vaccination"/>
    </resource>
    <resource>
      <extension url="http://hl7.org/fhir/tools/StructureDefinition/resource-information">
        <valueString value="ValueSet"/>
      </extension>
      <reference>
        <reference value="ValueSet/be-vs-vaccination-status-reason"/>
      </reference>
      <fhirVersion value="4.0.1"/>
      <name value="ValueSet - vaccination status reason"/>
      <description value="The list of vaccination status reason"/>
      <groupingId value="vaccination"/>
    </resource>
    <resource>
      <extension url="http://hl7.org/fhir/tools/StructureDefinition/resource-information">
        <valueString value="StructureDefinition:extension"/>
      </extension>
      <reference>
        <reference value="StructureDefinition/be-ext-administeredProduct"/>
      </reference>
      <fhirVersion value="4.0.1"/>
      <name value="Extension - Administered Product"/>
      <description value="Administered Product"/>
      <groupingId value="vaccination"/>
    </resource>
    <resource>
      <extension url="http://hl7.org/fhir/tools/StructureDefinition/resource-information">
        <valueString value="StructureDefinition:extension"/>
      </extension>
      <reference>
        <reference value="StructureDefinition/be-ext-vaccination-originalorder"/>
      </reference>
      <fhirVersion value="4.0.1"/>
      <name value="Extension - Vaccination original order"/>
      <description value="Vaccination original order  (e.g. prescription)"/>
      <groupingId value="vaccination"/>
    </resource>
    <resource>
      <extension url="http://hl7.org/fhir/tools/StructureDefinition/resource-information">
        <valueString value="StructureDefinition:extension"/>
      </extension>
      <reference>
        <reference value="StructureDefinition/be-ext-recorder"/>
      </reference>
      <fhirVersion value="4.0.1"/>
      <name value="Extension - Vaccination recorder"/>
      <description value="Vaccination recorder"/>
      <groupingId value="vaccination"/>
    </resource>
    <resource>
      <extension url="http://hl7.org/fhir/tools/StructureDefinition/resource-information">
        <valueString value="StructureDefinition:extension"/>
      </extension>
      <reference>
        <reference value="StructureDefinition/be-ext-vaccination-confirmationStatus"/>
      </reference>
      <fhirVersion value="4.0.1"/>
      <name value="Extension - Vaccination confirmation status"/>
      <description value="Vaccination confirmation status"/>
      <groupingId value="vaccination"/>
    </resource>
    <resource>
      <extension url="http://hl7.org/fhir/tools/StructureDefinition/resource-information">
        <valueString value="NamingSystem"/>
      </extension>
      <reference>
        <reference value="NamingSystem/be-ns-cnk-code"/>
      </reference>
      <fhirVersion value="4.0.1"/>
      <name value="NamingSystem - CNK Code"/>
      <description value="Naming System - CNK Product Codes"/>
      <groupingId value="vaccination"/>
    </resource>
    <resource>
      <extension url="http://hl7.org/fhir/tools/StructureDefinition/resource-information">
        <valueString value="NamingSystem"/>
      </extension>
      <reference>
        <reference value="NamingSystem/be-ns-nihdi-organization"/>
      </reference>
      <fhirVersion value="4.0.1"/>
      <name value="NamingSystem - NIHDI Organization"/>
      <description value="NamingSystem - NIHDI Organization number"/>
      <groupingId value="vaccination"/>
    </resource>
    <resource>
      <extension url="http://hl7.org/fhir/tools/StructureDefinition/resource-information">
        <valueString value="NamingSystem"/>
      </extension>
      <reference>
        <reference value="NamingSystem/be-ns-nihdi-professional"/>
      </reference>
      <fhirVersion value="4.0.1"/>
      <name value="NamingSystem - NIHDI Professional"/>
      <description value="NamingSystem - NIHDI Professional numbers"/>
      <groupingId value="vaccination"/>
    </resource>
    <resource>
      <extension url="http://hl7.org/fhir/tools/StructureDefinition/resource-information">
        <valueString value="NamingSystem"/>
      </extension>
      <reference>
        <reference value="NamingSystem/be-ns-one-vaccination"/>
      </reference>
      <fhirVersion value="4.0.1"/>
      <name value="NamingSystem - ONE Vaccination Id"/>
      <description value="NamingSystem for ONE vaccination ID"/>
      <groupingId value="vaccination"/>
    </resource>
    <resource>
      <extension url="http://hl7.org/fhir/tools/StructureDefinition/resource-information">
        <valueString value="NamingSystem"/>
      </extension>
      <reference>
        <reference value="NamingSystem/be-ns-product-manufacturer"/>
      </reference>
      <fhirVersion value="4.0.1"/>
      <name value="NamingSystem - Product Manufacturer"/>
      <description value="NamingSystem - Product Manufacturer"/>
      <groupingId value="vaccination"/>
    </resource>
    <resource>
      <extension url="http://hl7.org/fhir/tools/StructureDefinition/resource-information">
        <valueString value="Immunization"/>
      </extension>
      <reference>
        <reference value="Immunization/toto-hexa1"/>
      </reference>
      <fhirVersion value="4.0.1"/>
      <name value="Toto - First hexavalent vaccination"/>
      <description value="Toto - First hexavalent vaccination"/>
      <exampleCanonical value="https://www.hl7belgium.org/fhir/StructureDefinition/be-vaccination"/>
      <groupingId value="vaccination"/>
    </resource>
    <resource>
      <extension url="http://hl7.org/fhir/tools/StructureDefinition/resource-information">
        <valueString value="StructureDefinition:resource"/>
      </extension>
      <reference>
        <reference value="StructureDefinition/be-allergyintolerance"/>
      </reference>
      <fhirVersion value="4.0.1"/>
      <name value="AllergyIntolerance"/>
      <description value="Allergy Intolerance profile"/>
      <groupingId value="allergyintolerance"/>
    </resource>
    <resource>
      <extension url="http://hl7.org/fhir/tools/StructureDefinition/resource-information">
        <valueString value="Practitioner"/>
      </extension>
      <reference>
        <reference value="Practitioner/durant"/>
      </reference>
      <fhirVersion value="4.0.1"/>
      <name value="Example Practitioner - Dr Durant (GP)"/>
      <description value="Dr. Paul Durant (GP)"/>
      <exampleBoolean value="true"/>
      <groupingId value="allergyintolerance"/>
    </resource>
    <resource>
      <extension url="http://hl7.org/fhir/tools/StructureDefinition/resource-information">
        <valueString value="Practitioner"/>
      </extension>
      <reference>
        <reference value="Practitioner/lenoir"/>
      </reference>
      <fhirVersion value="4.0.1"/>
      <name value="Example practitioner - Dr Lenoir"/>
      <description value="Lr Fran&#xE7;ois Lenoir"/>
      <exampleBoolean value="true"/>
      <groupingId value="allergyintolerance"/>
    </resource>
    <resource>
      <extension url="http://hl7.org/fhir/tools/StructureDefinition/resource-information">
        <valueString value="Patient"/>
      </extension>
      <reference>
        <reference value="Patient/noel"/>
      </reference>
      <fhirVersion value="4.0.1"/>
      <name value="Example Patient - Noel Joyeux"/>
      <description value="Patient Noel Joyeux"/>
      <exampleBoolean value="true"/>
      <groupingId value="allergyintolerance"/>
    </resource>
    <resource>
      <extension url="http://hl7.org/fhir/tools/StructureDefinition/resource-information">
        <valueString value="AllergyIntolerance"/>
      </extension>
      <reference>
        <reference value="AllergyIntolerance/noel-allergy.v0"/>
      </reference>
      <fhirVersion value="4.0.1"/>
      <name value="Example - Suspected Allergy"/>
      <description value="Suspected Allergy to Penicillin"/>
      <exampleCanonical value="https://www.hl7belgium.org/fhir/StructureDefinition/be-allergyintolerance"/>
      <groupingId value="allergyintolerance"/>
    </resource>
    <resource>
      <extension url="http://hl7.org/fhir/tools/StructureDefinition/resource-information">
        <valueString value="AllergyIntolerance"/>
      </extension>
      <reference>
        <reference value="AllergyIntolerance/noel-allergy.v1"/>
      </reference>
      <fhirVersion value="4.0.1"/>
      <name value="Example - Refuted Allergy"/>
      <description value="Allergy has been refuted - confirmed as non-existent"/>
      <exampleCanonical value="https://www.hl7belgium.org/fhir/StructureDefinition/be-allergyintolerance"/>
      <groupingId value="allergyintolerance"/>
    </resource>
    <resource>
      <extension url="http://hl7.org/fhir/tools/StructureDefinition/resource-information">
        <valueString value="AllergyIntolerance"/>
      </extension>
      <reference>
        <reference value="AllergyIntolerance/allergyintolerance1"/>
      </reference>
      <fhirVersion value="4.0.1"/>
      <name value="Example - Allergy 1 - peanut allergy"/>
      <description value="Allergy to peanut"/>
      <exampleCanonical value="https://www.hl7belgium.org/fhir/StructureDefinition/be-allergyintolerance"/>
      <groupingId value="allergyintolerance"/>
    </resource>
    <resource>
      <extension url="http://hl7.org/fhir/tools/StructureDefinition/resource-information">
        <valueString value="AllergyIntolerance"/>
      </extension>
      <reference>
        <reference value="AllergyIntolerance/allergyintolerance2"/>
      </reference>
      <fhirVersion value="4.0.1"/>
      <name value="Example - Allergy 2 - Pollen allergy"/>
      <description value="Allergy to pollen"/>
      <exampleCanonical value="https://www.hl7belgium.org/fhir/StructureDefinition/be-allergyintolerance"/>
      <groupingId value="allergyintolerance"/>
    </resource>
    <resource>
      <extension url="http://hl7.org/fhir/tools/StructureDefinition/resource-information">
        <valueString value="ExampleScenario"/>
      </extension>
      <reference>
        <reference value="ExampleScenario/scenario-allergy"/>
      </reference>
      <fhirVersion value="4.0.1"/>
      <name value="ExampleScenario - Suspected Allergy"/>
      <description value="Suspected Allergy, then refuted"/>
      <groupingId value="allergyintolerance"/>
    </resource>
    <resource>
      <extension url="http://hl7.org/fhir/tools/StructureDefinition/resource-information">
        <valueString value="Observation"/>
      </extension>
      <reference>
        <reference value="Observation/example-findRisc-screeningScoreResult"/>
      </reference>
      <fhirVersion value="4.0.1"/>
      <name value="Example - FINDRISC score result"/>
      <description value="FIDNRISC score result example, obtained from a QuestionnaireResponse"/>
      <exampleCanonical value="https://www.hl7belgium.org/fhir/StructureDefinition/be-scoreresult"/>
      <groupingId value="scoreresults"/>
    </resource>
    <resource>
      <extension url="http://hl7.org/fhir/tools/StructureDefinition/resource-information">
        <valueString value="CodeSystem"/>
      </extension>
      <reference>
        <reference value="CodeSystem/be-cs-score"/>
      </reference>
      <fhirVersion value="4.0.1"/>
      <name value="Score Result Code system"/>
      <description value="Score Result codes"/>
      <groupingId value="scoreresults"/>
    </resource>
    <resource>
      <extension url="http://hl7.org/fhir/tools/StructureDefinition/resource-information">
        <valueString value="CodeSystem"/>
      </extension>
      <reference>
        <reference value="CodeSystem/be-cs-score-category"/>
      </reference>
      <fhirVersion value="4.0.1"/>
      <name value="Score Result Category Code system"/>
      <description value="Score Result Category"/>
      <groupingId value="scoreresults"/>
    </resource>
    <resource>
      <extension url="http://hl7.org/fhir/tools/StructureDefinition/resource-information">
        <valueString value="ValueSet"/>
      </extension>
      <reference>
        <reference value="ValueSet/be-vs-score"/>
      </reference>
      <fhirVersion value="4.0.1"/>
      <name value="Score Result Value Set"/>
      <description value="Score Result value set"/>
      <groupingId value="scoreresults"/>
    </resource>
    <resource>
      <extension url="http://hl7.org/fhir/tools/StructureDefinition/resource-information">
        <valueString value="ValueSet"/>
      </extension>
      <reference>
        <reference value="ValueSet/be-vs-scorecategory"/>
      </reference>
      <fhirVersion value="4.0.1"/>
      <name value="Score Category Value Set"/>
      <description value="Score Category value set"/>
      <groupingId value="scoreresults"/>
    </resource>
    <resource>
      <extension url="http://hl7.org/fhir/tools/StructureDefinition/resource-information">
        <valueString value="Consent"/>
      </extension>
      <reference>
        <reference value="Consent/patientwill-example"/>
      </reference>
    </resource>
    <resource>
      <extension url="http://hl7.org/fhir/tools/StructureDefinition/resource-information">
        <valueString value="StructureDefinition:logical"/>
      </extension>
      <reference>
        <reference value="StructureDefinition/be-model-patientwill"/>
      </reference>
      <description value="This is the logical model of the patient will for a patient - in fact, each entry of the patient&#39;s will assertions. The patient will consists of several entries as modeled here. Initially based on the input of the NIHDI.&#xD;&#xA;The Belgian federal profile for a patient will ONLY in the context of the patient will in the context of limitations to treatment, DNR etc. Initially based on the functional description of the NIHDI. This might in the future be also used to record agreement to participate in clinical trials etc. Any use case around informed consent or data sharing is out of scope for this logical model."/>
    </resource>
    <resource>
      <extension url="http://hl7.org/fhir/tools/StructureDefinition/resource-information">
        <valueString value="StructureDefinition:logical"/>
      </extension>
      <reference>
        <reference value="StructureDefinition/be-model-scoreresult"/>
      </reference>
      <description value="This is the logical model of a Score Result, the result of a scoring assessment by a person or a system. Examples are risk scores, or pain score..."/>
    </resource>
    <resource>
      <extension url="http://hl7.org/fhir/tools/StructureDefinition/resource-information">
        <valueString value="StructureDefinition:logical"/>
      </extension>
      <reference>
        <reference value="StructureDefinition/be-model-problem"/>
      </reference>
      <description value="This is the logical model of the patient&#39;s problem entries in a record."/>
    </resource>
    <resource>
      <extension url="http://hl7.org/fhir/tools/StructureDefinition/resource-information">
        <valueString value="StructureDefinition:logical"/>
      </extension>
      <reference>
        <reference value="StructureDefinition/be-model-referralprescription"/>
      </reference>
      <description value="Logical model describing the model for the prescription referral. This draft is used in the HL7 Belgian workgroup for referral."/>
    </resource>
    <resource>
      <extension url="http://hl7.org/fhir/tools/StructureDefinition/resource-information">
        <valueString value="StructureDefinition:logical"/>
      </extension>
      <reference>
        <reference value="StructureDefinition/be-model-addiction"/>
      </reference>
      <description value="This is the logical model of an addiction of a patient. Initially based on the input of the NIHDI.&#xD;&#xA; This model represents a known,  suspected or resolved addiction. This models does not intend to represent a point-in-time observation of substance intake or related event or behaviour. In other words, this logical model represents the addiction condition, not an addiction-related event or observation."/>
    </resource>
    <resource>
      <extension url="http://hl7.org/fhir/tools/StructureDefinition/resource-information">
        <valueString value="StructureDefinition:resource"/>
      </extension>
      <reference>
        <reference value="StructureDefinition/be-patient"/>
      </reference>
      <description value="Belgian federal profile for a patient. Initially based on the functional description of the NIHDI. Special remarks for KMEHR users: following elements in KMEHR are not available in this FHIR resource. If needed, an extension can be defined in a future iteration of these specifications: the &#39;deathlocation&#39; (location is not available but the death of the patient is expressed by either date or Boolean cfr. infra.), the &#39;insurancystatus&#39; (covered in a seperate FHIR resource: Coverage), &#39;insurancymembership&#39; (covered in a seperate FHIR resource: Coverage) and &#39;profession&#39; (covered in a possible future FHIR resource: OccupationalData.)"/>
    </resource>
    <resource>
      <extension url="http://hl7.org/fhir/tools/StructureDefinition/resource-information">
        <valueString value="StructureDefinition:resource"/>
      </extension>
      <reference>
        <reference value="StructureDefinition/be-patientwill"/>
      </reference>
      <name value="BEPatientWill"/>
      <description value="****!DRAFT!DRAFT!DRAFT! VALUESETS STILL TO BE DELIVERED FOR THIS PROFILE BY THE NIHDI **** Belgian federal profile for a patient will ONLY in the context of the patient will in the context of limitations to treatment, DNR etc. Initially based on the functional description of the NIHDI. This profile will in the future be also used to record agreement to participate in clinical trials etc. Any usecase around informed consent is out of scope for this profile."/>
    </resource>
    <resource>
      <extension url="http://hl7.org/fhir/tools/StructureDefinition/resource-information">
        <valueString value="StructureDefinition:resource"/>
      </extension>
      <reference>
        <reference value="StructureDefinition/be-practitioner"/>
      </reference>
      <name value="BePractitioner"/>
    </resource>
    <resource>
      <extension url="http://hl7.org/fhir/tools/StructureDefinition/resource-information">
        <valueString value="StructureDefinition:resource"/>
      </extension>
      <reference>
        <reference value="StructureDefinition/be-practitionerrole"/>
      </reference>
      <name value="BePractitionerRole"/>
    </resource>
    <resource>
      <extension url="http://hl7.org/fhir/tools/StructureDefinition/resource-information">
        <valueString value="StructureDefinition:resource"/>
      </extension>
      <reference>
        <reference value="StructureDefinition/be-organization"/>
      </reference>
      <description value="Belgian federal profile for an organization. Initially based on the functional description of the NIHDI."/>
    </resource>
    <resource>
      <extension url="http://hl7.org/fhir/tools/StructureDefinition/resource-information">
        <valueString value="StructureDefinition:complex-type"/>
      </extension>
      <reference>
        <reference value="StructureDefinition/be-address"/>
      </reference>
      <description value="Belgain federal profile on address, to provide the possibility in the &#39;line&#39; element to provide a seperate streetname, housenumber and postal box. It is always RECOMMENDED to give these elements seperately."/>
    </resource>
    <resource>
      <extension url="http://hl7.org/fhir/tools/StructureDefinition/resource-information">
        <valueString value="ValueSet"/>
      </extension>
      <reference>
        <reference value="ValueSet/be-vs-patientwill-category"/>
      </reference>
      <name value="Patient Will Category"/>
      <description value="Score Value Set"/>
    </resource>
    <resource>
      <extension url="http://hl7.org/fhir/tools/StructureDefinition/resource-information">
        <valueString value="CodeSystem"/>
      </extension>
      <reference>
        <reference value="CodeSystem/be-cs-problem-category"/>
      </reference>
      <name value="Problem Category"/>
      <description value="Problem Category"/>
    </resource>
    <resource>
      <extension url="http://hl7.org/fhir/tools/StructureDefinition/resource-information">
        <valueString value="CodeSystem"/>
      </extension>
      <reference>
        <reference value="CodeSystem/be-cs-problem-origin-type"/>
      </reference>
      <name value="Problem Origin Type"/>
      <description value="Problem Origin Type"/>
    </resource>
    <resource>
      <extension url="http://hl7.org/fhir/tools/StructureDefinition/resource-information">
        <valueString value="ValueSet"/>
      </extension>
      <reference>
        <reference value="ValueSet/be-vs-patientwill-code"/>
      </reference>
      <name value="Patient Will directives Value Set"/>
      <description value="Score Value Set"/>
    </resource>
    <resource>
      <extension url="http://hl7.org/fhir/tools/StructureDefinition/resource-information">
        <valueString value="CodeSystem"/>
      </extension>
      <reference>
        <reference value="CodeSystem/be-cs-patientwill-code"/>
      </reference>
      <name value="Patient Will Directive CodeSystem"/>
      <description value="Patient Will Directive CodeSystem"/>
    </resource>
    <resource>
      <extension url="http://hl7.org/fhir/tools/StructureDefinition/resource-information">
        <valueString value="CodeSystem"/>
      </extension>
      <reference>
        <reference value="CodeSystem/be-cs-bodysite"/>
      </reference>
      <name value="Body Site CodeSystem"/>
      <description value="Body Site CodeSystem"/>
    </resource>
    <resource>
      <extension url="http://hl7.org/fhir/tools/StructureDefinition/resource-information">
        <valueString value="CodeSystem"/>
      </extension>
      <reference>
        <reference value="CodeSystem/be-cs-patientwill-category"/>
      </reference>
      <name value="Patient Will Category CodeSystem"/>
      <description value="Body Site CodeSystem"/>
    </resource>
    <resource>
      <extension url="http://hl7.org/fhir/tools/StructureDefinition/resource-information">
        <valueString value="AllergyIntolerance"/>
      </extension>
      <reference>
        <reference value="AllergyIntolerance/allergyintolerance-encounterReference-contained"/>
      </reference>
      <name value="Example AllergyIntolerance - allergyintolerance-encounterReference-contained"/>
      <exampleCanonical value="https://www.hl7belgium.org/fhir/StructureDefinition/be-allergyintolerance"/>
    </resource>
    <resource>
      <extension url="http://hl7.org/fhir/tools/StructureDefinition/resource-information">
        <valueString value="StructureDefinition:extension"/>
      </extension>
      <reference>
        <reference value="StructureDefinition/exposure-risk"/>
      </reference>
      <description value="Exposure Risk"/>
    </resource>
    <resource>
      <extension url="http://hl7.org/fhir/tools/StructureDefinition/resource-information">
        <valueString value="AllergyIntolerance"/>
      </extension>
      <reference>
        <reference value="AllergyIntolerance/allergyintolerance-encounterReference"/>
      </reference>
      <name value="Example AllergyIntolerance - allergyintolerance-encounterReference"/>
      <exampleCanonical value="https://www.hl7belgium.org/fhir/StructureDefinition/be-allergyintolerance"/>
    </resource>
    <resource>
      <extension url="http://hl7.org/fhir/tools/StructureDefinition/resource-information">
        <valueString value="CodeSystem"/>
      </extension>
      <reference>
        <reference value="CodeSystem/cs-mkatz"/>
      </reference>
      <name value="CodeSystem Modified Katz assessment scale"/>
      <description value="CodeSystem Modified Katz assessment scale for independent living."/>
    </resource>
    <resource>
      <extension url="http://hl7.org/fhir/tools/StructureDefinition/resource-information">
        <valueString value="StructureDefinition:extension"/>
      </extension>
      <reference>
        <reference value="StructureDefinition/be-ext-laterality"/>
      </reference>
      <name value="Laterality extension"/>
      <description value="An explicit statement of laterality of a lesion, or a treatment, etc."/>
    </resource>
    <resource>
      <extension url="http://hl7.org/fhir/tools/StructureDefinition/resource-information">
        <valueString value="Encounter"/>
      </extension>
      <reference>
        <reference value="Encounter/example-encounter-uzgent"/>
      </reference>
    </resource>
    <resource>
      <extension url="http://hl7.org/fhir/tools/StructureDefinition/resource-information">
        <valueString value="Questionnaire"/>
      </extension>
      <reference>
        <reference value="Questionnaire/mkatz-questionnaire"/>
      </reference>
      <name value="Modified Katz scale evaluation Questionnaire"/>
    </resource>
    <resource>
      <extension url="http://hl7.org/fhir/tools/StructureDefinition/resource-information">
        <valueString value="StructureDefinition:resource"/>
      </extension>
      <reference>
        <reference value="StructureDefinition/be-scoreresult"/>
      </reference>
      <name value="BEScoreResult"/>
      <description value="Defines a patient&#39;s known problem, a diagnostic or antecedent that deserves attention."/>
    </resource>
    <resource>
      <extension url="http://hl7.org/fhir/tools/StructureDefinition/resource-information">
        <valueString value="CodeSystem"/>
      </extension>
      <reference>
        <reference value="CodeSystem/cs-mna"/>
      </reference>
      <name value="CodeSystem Mini Nutritional Assessment scale"/>
      <description value="CodeSystem Mini Nutritional Assessment."/>
    </resource>
    <resource>
      <extension url="http://hl7.org/fhir/tools/StructureDefinition/resource-information">
        <valueString value="Questionnaire"/>
      </extension>
      <reference>
        <reference value="Questionnaire/mna-questionnaire"/>
      </reference>
      <name value="Mini Nutritional Assessment Questionnaire"/>
    </resource>
    <resource>
      <extension url="http://hl7.org/fhir/tools/StructureDefinition/resource-information">
        <valueString value="Questionnaire"/>
      </extension>
      <reference>
        <reference value="Questionnaire/allergy-intolerance-questionnaire"/>
      </reference>
      <name value="Allergy / Intolerance reporting Questionnaire"/>
    </resource>
    <resource>
      <extension url="http://hl7.org/fhir/tools/StructureDefinition/resource-information">
        <valueString value="ValueSet"/>
      </extension>
      <reference>
        <reference value="ValueSet/be-vs-laterality"/>
      </reference>
      <name value="Laterality"/>
      <description value="Laterality"/>
    </resource>
    <resource>
      <extension url="http://hl7.org/fhir/tools/StructureDefinition/resource-information">
        <valueString value="Encounter"/>
      </extension>
      <reference>
        <reference value="Encounter/example-encounter-uzgent-contained"/>
      </reference>
    </resource>
    <page>
      <nameUrl value="toc.html"/>
      <title value="Table of Contents"/>
      <generation value="html"/>
      <page>
        <nameUrl value="index.html"/>
        <title value="MyIG Home Page"/>
        <generation value="html"/>
      </page>
      <page>
        <nameUrl value="project.html"/>
        <title value="Project Description"/>
        <generation value="html"/>
      </page>
      <page>
        <nameUrl value="usecases.html"/>
        <title value="Use Cases"/>
        <generation value="html"/>
      </page>
      <page>
        <nameUrl value="downloads.html"/>
        <title value="Useful Downloads"/>
        <generation value="html"/>
      </page>
      <page>
        <nameUrl value="changes.html"/>
        <title value="IG Change History"/>
        <generation value="html"/>
      </page>
    </page>
    <parameter>
      <code value="path-resource"/>
      <value value="input/examples/Vaccination"/>
    </parameter>
    <parameter>
      <code value="path-resource"/>
      <value value="input/scenarios"/>
    </parameter>
    <parameter>
      <code value="path-resource"/>
      <value value="input/capabilities"/>
    </parameter>
    <parameter>
      <code value="path-resource"/>
      <value value="input/examples"/>
    </parameter>
    <parameter>
      <code value="path-resource"/>
      <value value="input/extensions"/>
    </parameter>
    <parameter>
      <code value="path-resource"/>
      <value value="input/models"/>
    </parameter>
    <parameter>
      <code value="path-resource"/>
      <value value="input/operations"/>
    </parameter>
    <parameter>
      <code value="path-resource"/>
      <value value="input/profiles"/>
    </parameter>
    <parameter>
      <code value="path-resource"/>
      <value value="input/resources"/>
    </parameter>
    <parameter>
      <code value="path-resource"/>
      <value value="input/vocabulary"/>
    </parameter>
    <parameter>
      <code value="path-resource"/>
      <value value="input/testing"/>
    </parameter>
    <parameter>
      <code value="path-resource"/>
      <value value="input/history"/>
    </parameter>
    <parameter>
      <code value="path-resource"/>
      <value value="fsh-generated/resources"/>
    </parameter>
    <parameter>
      <code value="path-pages"/>
      <value value="template/config"/>
    </parameter>
    <parameter>
      <code value="path-pages"/>
      <value value="input/images"/>
    </parameter>
    <parameter>
      <code value="path-tx-cache"/>
      <value value="input-cache/txcache"/>
    </parameter>
  </definition>
</ImplementationGuide>