<?xml version="1.0" encoding="UTF-8"?>

<CodeSystem xmlns="http://hl7.org/fhir">
  <id value="cs-mna"/>
  <text>
    <status value="generated"/><div xmlns="http://www.w3.org/1999/xhtml"><p>This code system http://example.org/cs-mna defines the following codes:</p><table class="codes"><tr><td style="white-space:nowrap"><b>Code</b></td><td><b>Display</b></td></tr><tr><td style="white-space:nowrap">food-intake-0<a name="cs-mna-food-intake-0"> </a></td><td>Le patient est capable de se laver complètement sans aucune aide</td></tr><tr><td style="white-space:nowrap">food-intake-1<a name="cs-mna-food-intake-1"> </a></td><td>Légère baisse des prises alimentaires</td></tr><tr><td style="white-space:nowrap">food-intake-2<a name="cs-mna-food-intake-2"> </a></td><td>Pas de baisse des prises alimentaires</td></tr><tr><td style="white-space:nowrap">weight-loss-0<a name="cs-mna-weight-loss-0"> </a></td><td>Perte de poids supérieure à 3 kg</td></tr><tr><td style="white-space:nowrap">weight-loss-1<a name="cs-mna-weight-loss-1"> </a></td><td>Ne sait pas</td></tr><tr><td style="white-space:nowrap">weight-loss-2<a name="cs-mna-weight-loss-2"> </a></td><td>Perte de poids entre 1 et 3 kg</td></tr><tr><td style="white-space:nowrap">weight-loss-3<a name="cs-mna-weight-loss-3"> </a></td><td>Pas de perte de poids</td></tr><tr><td style="white-space:nowrap">mobility-0<a name="cs-mna-mobility-0"> </a></td><td>Alité ou au fauteuil</td></tr><tr><td style="white-space:nowrap">mobility-1<a name="cs-mna-mobility-1"> </a></td><td>Autonome a l'intérieur (peut sortir du lit ou de son fauteuil, mais ne sort pas de son domicile)</td></tr><tr><td style="white-space:nowrap">mobility-2<a name="cs-mna-mobility-2"> </a></td><td>Sort du domicile</td></tr><tr><td style="white-space:nowrap">stress-no<a name="cs-mna-stress-no"> </a></td><td>Oui</td></tr><tr><td style="white-space:nowrap">stress-yes<a name="cs-mna-stress-yes"> </a></td><td>Non</td></tr><tr><td style="white-space:nowrap">neuropsych-0<a name="cs-mna-neuropsych-0"> </a></td><td>Démence ou dépression sévère</td></tr><tr><td style="white-space:nowrap">neuropsych-1<a name="cs-mna-neuropsych-1"> </a></td><td>Démence légère</td></tr><tr><td style="white-space:nowrap">neuropsych-2<a name="cs-mna-neuropsych-2"> </a></td><td>Pas de problème psychologique</td></tr><tr><td style="white-space:nowrap">bmi-0<a name="cs-mna-bmi-0"> </a></td><td>IMC &lt; 19 = Score 0</td></tr><tr><td style="white-space:nowrap">bmi-1<a name="cs-mna-bmi-1"> </a></td><td>19 &lt;= IMC &lt; 21 = Score 1</td></tr><tr><td style="white-space:nowrap">bmi-2<a name="cs-mna-bmi-2"> </a></td><td>21 &lt;= IMC &lt; 23 = Score 2</td></tr><tr><td style="white-space:nowrap">bmi-3<a name="cs-mna-bmi-3"> </a></td><td>IMC &gt;= 23 = Score 3</td></tr></table><p><b>Additional Language Displays</b></p><table class="codes"><tr><td><b>Code</b></td><td><b>French (fr)</b></td></tr><tr><td>food-intake-0</td><td>Baisse sévère des prises alimentaires</td></tr><tr><td>food-intake-1</td><td>Légère baisse des prises alimentaires</td></tr><tr><td>food-intake-2</td><td>Pas de baisse des prises alimentaires</td></tr><tr><td>weight-loss-0</td><td>Perte de poids supérieure à 3 kg</td></tr><tr><td>weight-loss-1</td><td>Ne sait pas</td></tr><tr><td>weight-loss-2</td><td>Perte de poids entre 1 et 3 kg</td></tr><tr><td>weight-loss-3</td><td>Pas de perte de poids</td></tr><tr><td>mobility-0</td><td>Alité ou au fauteuil</td></tr><tr><td>mobility-1</td><td>Autonome à l'intérieur (peut sortir du lit ou de son fauteuil, mais ne sort pas de son domicile)</td></tr><tr><td>mobility-2</td><td>Sort du domicile</td></tr><tr><td>stress-no</td><td>Oui</td></tr><tr><td>stress-yes</td><td>Non</td></tr><tr><td>neuropsych-0</td><td>Démence ou dépression sévère</td></tr><tr><td>neuropsych-1</td><td>Démence légère</td></tr><tr><td>neuropsych-2</td><td>Pas de problème psychologique</td></tr><tr><td>bmi-0</td><td>IMC &lt; 19 = Score 0</td></tr><tr><td>bmi-1</td><td>19 &lt;= IMC &lt; 21 = Score 1</td></tr><tr><td>bmi-2</td><td>21 &lt;= IMC &lt; 23 = Score 2</td></tr><tr><td>bmi-3</td><td>IMC &gt;= 23 = Score 3</td></tr></table></div>
  </text>
  <url value="http://example.org/cs-mna"/>
  <version value="0.1.0"/>
  <name value="CSMNAScale"/>
  <title value="CodeSystem Mini Nutritional Assessment scale"/>
  <status value="active"/>
  <date value="2021-02-12T12:13:57+01:00"/>
  <publisher value="mmm"/>
  <contact>
    <telecom>
      <system value="url"/>
      <value value="http://somewhere.org"/>
    </telecom>
  </contact>
  <description value="CodeSystem Mini Nutritional Assessment."/>
  <jurisdiction>
    <coding>
      <system value="http://unstats.un.org/unsd/methods/m49/m49.htm"/>
      <code value="056"/>
    </coding>
    <coding>
      <system value="urn:iso:std:iso:3166"/>
      <code value="BE"/>
    </coding>
  </jurisdiction>
  <content value="complete"/>
  <concept>
    <code value="food-intake-0"/>
    <display value="Le patient est capable de se laver compl&#xE8;tement sans aucune aide"/>
    <designation>
      <language value="fr"/>
      <value value="Baisse s&#xE9;v&#xE8;re des prises alimentaires"/>
    </designation>
  </concept>
  <concept>
    <code value="food-intake-1"/>
    <display value="L&#xE9;g&#xE8;re baisse des prises alimentaires"/>
    <designation>
      <language value="fr"/>
      <value value="L&#xE9;g&#xE8;re baisse des prises alimentaires"/>
    </designation>
  </concept>
  <concept>
    <code value="food-intake-2"/>
    <display value="Pas de baisse des prises alimentaires"/>
    <designation>
      <language value="fr"/>
      <value value="Pas de baisse des prises alimentaires"/>
    </designation>
  </concept>
  <concept>
    <code value="weight-loss-0"/>
    <display value="Perte de poids sup&#xE9;rieure &#xE0; 3 kg"/>
    <designation>
      <language value="fr"/>
      <value value="Perte de poids sup&#xE9;rieure &#xE0; 3 kg"/>
    </designation>
  </concept>
  <concept>
    <code value="weight-loss-1"/>
    <display value="Ne sait pas"/>
    <designation>
      <language value="fr"/>
      <value value="Ne sait pas"/>
    </designation>
  </concept>
  <concept>
    <code value="weight-loss-2"/>
    <display value="Perte de poids entre 1 et 3 kg"/>
    <designation>
      <language value="fr"/>
      <value value="Perte de poids entre 1 et 3 kg"/>
    </designation>
  </concept>
  <concept>
    <code value="weight-loss-3"/>
    <display value="Pas de perte de poids"/>
    <designation>
      <language value="fr"/>
      <value value="Pas de perte de poids"/>
    </designation>
  </concept>
  <concept>
    <code value="mobility-0"/>
    <display value="Alit&#xE9; ou au fauteuil"/>
    <designation>
      <language value="fr"/>
      <value value="Alit&#xE9; ou au fauteuil"/>
    </designation>
  </concept>
  <concept>
    <code value="mobility-1"/>
    <display value="Autonome a l&#39;int&#xE9;rieur (peut sortir du lit ou de son fauteuil, mais ne sort pas de son domicile)"/>
    <designation>
      <language value="fr"/>
      <value value="Autonome &#xE0; l&#39;int&#xE9;rieur (peut sortir du lit ou de son fauteuil, mais ne sort pas de son domicile)"/>
    </designation>
  </concept>
  <concept>
    <code value="mobility-2"/>
    <display value="Sort du domicile"/>
    <designation>
      <language value="fr"/>
      <value value="Sort du domicile"/>
    </designation>
  </concept>
  <concept>
    <code value="stress-no"/>
    <display value="Oui"/>
    <designation>
      <language value="fr"/>
      <value value="Oui"/>
    </designation>
  </concept>
  <concept>
    <code value="stress-yes"/>
    <display value="Non"/>
    <designation>
      <language value="fr"/>
      <value value="Non"/>
    </designation>
  </concept>
  <concept>
    <code value="neuropsych-0"/>
    <display value="D&#xE9;mence ou d&#xE9;pression s&#xE9;v&#xE8;re"/>
    <designation>
      <language value="fr"/>
      <value value="D&#xE9;mence ou d&#xE9;pression s&#xE9;v&#xE8;re"/>
    </designation>
  </concept>
  <concept>
    <code value="neuropsych-1"/>
    <display value="D&#xE9;mence l&#xE9;g&#xE8;re"/>
    <designation>
      <language value="fr"/>
      <value value="D&#xE9;mence l&#xE9;g&#xE8;re"/>
    </designation>
  </concept>
  <concept>
    <code value="neuropsych-2"/>
    <display value="Pas de probl&#xE8;me psychologique"/>
    <designation>
      <language value="fr"/>
      <value value="Pas de probl&#xE8;me psychologique"/>
    </designation>
  </concept>
  <concept>
    <code value="bmi-0"/>
    <display value="IMC &lt; 19 = Score 0"/>
    <designation>
      <language value="fr"/>
      <value value="IMC &lt; 19 = Score 0"/>
    </designation>
  </concept>
  <concept>
    <code value="bmi-1"/>
    <display value="19 &lt;= IMC &lt; 21 = Score 1"/>
    <designation>
      <language value="fr"/>
      <value value="19 &lt;= IMC &lt; 21 = Score 1"/>
    </designation>
  </concept>
  <concept>
    <code value="bmi-2"/>
    <display value="21 &lt;= IMC &lt; 23 = Score 2"/>
    <designation>
      <language value="fr"/>
      <value value="21 &lt;= IMC &lt; 23 = Score 2"/>
    </designation>
  </concept>
  <concept>
    <code value="bmi-3"/>
    <display value="IMC &gt;= 23 = Score 3"/>
    <designation>
      <language value="fr"/>
      <value value="IMC &gt;= 23 = Score 3"/>
    </designation>
  </concept>
</CodeSystem>