<?xml version="1.0" encoding="UTF-8"?><CodeSystem xmlns="http://hl7.org/fhir"><id value="be-cs-patientwill-category"/><text><status value="generated"/><div xmlns="http://www.w3.org/1999/xhtml"><p>This code system https://www.hl7belgium.org/fhir/CodeSystem/be-cs-patientwill-category defines the following codes:</p><table class="codes"><tr><td style="white-space:nowrap"><b>Code</b></td><td><b>Display</b></td><td><b>Definition</b></td></tr><tr><td style="white-space:nowrap">advanced-care-directive<a name="be-cs-patientwill-category-advanced-care-directive"> </a></td><td>Advanced Care Directive</td><td>General directives expressed voluntarily by the patient</td></tr><tr><td style="white-space:nowrap">research<a name="be-cs-patientwill-category-research"> </a></td><td>Research</td><td>Consent to participate in research protocols and / or share results</td></tr><tr><td style="white-space:nowrap">treatment<a name="be-cs-patientwill-category-treatment"> </a></td><td>Treatment</td><td>Specific treatments in the context of resuscitation and / or during hospitalization</td></tr></table><p><b>Additional Language Displays</b></p><table class="codes"><tr><td><b>Code</b></td><td><b>French (Belgium) (fr)</b></td><td><b>Nederlands (België) (Dutch (Belgium), nl)</b></td></tr><tr><td>advanced-care-directive</td><td>Volontés diverses</td><td>Verschillende wensen</td></tr><tr><td>research</td><td>Recherche</td><td>Onderzoek</td></tr><tr><td>treatment</td><td>Traitement</td><td>Behandeling</td></tr></table></div></text><url value="https://www.hl7belgium.org/fhir/CodeSystem/be-cs-patientwill-category"/><version value="0.1.0"/><name value="BeCSPAtiwntWillCategory"/><title value="Patient Will Category CodeSystem"/><status value="draft"/><date value="2021-07-17T12:03:11+00:00"/><publisher value="RIZIV-INAMI"/><contact><telecom><system value="url"/><value value="http://somewhere.org"/></telecom></contact><description value="Body Site CodeSystem"/><jurisdiction><coding><system value="http://unstats.un.org/unsd/methods/m49/m49.htm"/><code value="056"/></coding><coding><system value="urn:iso:std:iso:3166"/><code value="BE"/></coding></jurisdiction><content value="complete"/><count value="1"/><concept><code value="advanced-care-directive"/><display value="Advanced Care Directive"/><definition value="General directives expressed voluntarily by the patient"/><designation><language value="fr-BE"/><value value="Volont&#xE9;s diverses"/></designation><designation><language value="nl-BE"/><value value="Verschillende wensen"/></designation></concept><concept><code value="research"/><display value="Research"/><definition value="Consent to participate in research protocols and / or share results"/><designation><language value="fr-BE"/><value value="Recherche"/></designation><designation><language value="nl-BE"/><value value="Onderzoek"/></designation></concept><concept><code value="treatment"/><display value="Treatment"/><definition value="Specific treatments in the context of resuscitation and / or during hospitalization"/><designation><language value="fr-BE"/><value value="Traitement"/></designation><designation><language value="nl-BE"/><value value="Behandeling"/></designation></concept></CodeSystem>