<?xml version="1.0" encoding="UTF-8"?><CodeSystem xmlns="http://hl7.org/fhir"><id value="be-cs-bodysite"/><text><status value="generated"/><div xmlns="http://www.w3.org/1999/xhtml"><p>This code system https://www.hl7belgium.org/fhir/CodeSystem/be-cs-bodysite defines the following codes:</p><table class="codes"><tr><td style="white-space:nowrap"><b>Code</b></td><td><b>Display</b></td></tr><tr><td style="white-space:nowrap">IM<a name="be-cs-bodysite-IM"> </a></td><td>Intramuscular</td></tr></table></div></text><url value="https://www.hl7belgium.org/fhir/CodeSystem/be-cs-bodysite"/><version value="0.1.0"/><name value="BeCSBodySite"/><title value="Body Site CodeSystem"/><status value="draft"/><date value="2021-07-17T12:04:48+00:00"/><publisher value="RIZIV-INAMI"/><contact><telecom><system value="url"/><value value="http://somewhere.org"/></telecom></contact><description value="Body Site CodeSystem"/><jurisdiction><coding><system value="http://unstats.un.org/unsd/methods/m49/m49.htm"/><code value="056"/></coding><coding><system value="urn:iso:std:iso:3166"/><code value="BE"/></coding></jurisdiction><content value="complete"/><count value="1"/><concept><code value="IM"/><display value="Intramuscular"/></concept></CodeSystem>