<?xml version="1.0" encoding="UTF-8"?><CodeSystem xmlns="http://hl7.org/fhir"><id value="be-cs-score"/><text><status value="generated"/><div xmlns="http://www.w3.org/1999/xhtml"><p>This code system https://www.hl7belgium.org/fhir/CodeSystem/be-cs-score defines the following codes:</p><table class="codes"><tr><td style="white-space:nowrap"><b>Code</b></td><td><b>Display</b></td><td><b>Definition</b></td></tr><tr><td style="white-space:nowrap">ADBB<a name="be-cs-score-ADBB"> </a></td><td>Alarm distress baby scale</td><td>Alarm distress baby scale</td></tr><tr><td style="white-space:nowrap">BRANDEN<a name="be-cs-score-BRANDEN"> </a></td><td>Branden</td><td>Branden</td></tr><tr><td style="white-space:nowrap">DOLOPLUS2<a name="be-cs-score-DOLOPLUS2"> </a></td><td>Doloplus 2 score</td><td>Pain assessment for people with verbal communication impairment</td></tr><tr><td style="white-space:nowrap">EAT-10<a name="be-cs-score-EAT-10"> </a></td><td>Eating Assessment Tool</td><td>Dysphagia Assessment scale</td></tr><tr><td style="white-space:nowrap">EDIN<a name="be-cs-score-EDIN"> </a></td><td>Neonatal pain and discomfort scale</td><td>Neonatal pain and discomfort scale</td></tr><tr><td style="white-space:nowrap">HEDEN<a name="be-cs-score-HEDEN"> </a></td><td>HEDEN Pain Scale</td><td>HEDEN (Hétéro-Evaluation de la Douleur chez l&#39;Enfant) Pain Scale</td></tr><tr><td style="white-space:nowrap">MNA-complete<a name="be-cs-score-MNA-complete"> </a></td><td>Mini Nutritional Assessment - complete</td><td>Mini Nutritional Assessment - complete</td></tr><tr><td style="white-space:nowrap">MNA-simplified<a name="be-cs-score-MNA-simplified"> </a></td><td>Mini Nutritional Assessment - simplified</td><td>Mini Nutritional Assessment - simplified</td></tr><tr><td style="white-space:nowrap">PAL<a name="be-cs-score-PAL"> </a></td><td>Level of Physical Activity</td><td>Level of Physical Activity (NAP - Niveau d&#39;Activité Physique)</td></tr><tr><td style="white-space:nowrap">NRS2002<a name="be-cs-score-NRS2002"> </a></td><td>Nutritional Risk Screening</td><td>Nutritional Risk Screening</td></tr><tr><td style="white-space:nowrap">SCORE<a name="be-cs-score-SCORE"> </a></td><td>Systemic Coronary Risk Estimation</td><td>Systemic Coronary Risk Estimation</td></tr><tr><td style="white-space:nowrap">SNAQ<a name="be-cs-score-SNAQ"> </a></td><td>Short Nutritional Assessment Questionnaire</td><td>Short Nutritional Assessment Questionnaire</td></tr><tr><td style="white-space:nowrap">TIMED-CHAIR-STAND<a name="be-cs-score-TIMED-CHAIR-STAND"> </a></td><td>Timed Chair Stand</td><td>Timed Chair Stand</td></tr><tr><td style="white-space:nowrap">TUG<a name="be-cs-score-TUG"> </a></td><td>Timed Up&amp;Go</td><td>Timed Up&amp;Go</td></tr><tr><td style="white-space:nowrap">WECKX<a name="be-cs-score-WECKX"> </a></td><td>SCORE INZAKE ZORGBEHOEVENDHEID</td><td>WECKX SCORE</td></tr><tr><td style="white-space:nowrap">SDAI<a name="be-cs-score-SDAI"> </a></td><td>SDAI ou Simplified Disease Activity Index</td><td>SDAI ou Simplified Disease Activity Index</td></tr><tr><td style="white-space:nowrap">GARS<a name="be-cs-score-GARS"> </a></td><td>Groningen Activity Restriction Scale</td><td>Groningen Activity Restriction Scale</td></tr><tr><td style="white-space:nowrap">other<a name="be-cs-score-other"> </a></td><td>Other</td><td>Other</td></tr></table><p><b>Additional Language Displays</b></p><table class="codes"><tr><td><b>Code</b></td><td><b>French (Belgium) (fr)</b></td><td><b>Nederlands (België) (Dutch (Belgium), nl)</b></td></tr><tr><td>ADBB</td><td>Alarm détresse bébé</td><td></td></tr><tr><td>BRANDEN</td><td>Branden</td><td></td></tr><tr><td>DOLOPLUS2</td><td>Evaluation de la douleur chez les personnes présentant des troubles de la communication verbale</td><td></td></tr><tr><td>EAT-10</td><td>échelle d&#39;évaluation du degré de dysphagie</td><td></td></tr><tr><td>EDIN</td><td>échelle de la douleur et de l&#39;inconfort du nouveau-né</td><td></td></tr><tr><td>HEDEN</td><td>hétéro-évaluation de la douleur chez l&#39;enfant</td><td>HEDEN</td></tr><tr><td>MNA-complete</td><td>Mini Nutritional Assessment : échelle d&#39;évaluation de la dénutrition des personnes âgées.</td><td></td></tr><tr><td>MNA-simplified</td><td>Mini Nutritional Assessment : échelle d&#39;évaluation de la dénutrition des personnes âgées.</td><td></td></tr><tr><td>PAL</td><td>Niveau d&#39;Activité Physique</td><td></td></tr><tr><td>NRS2002</td><td>Nutritional Risk Screening</td><td></td></tr><tr><td>SCORE</td><td>Systémic Coronary Risk Estimation</td><td></td></tr><tr><td>SNAQ</td><td>Short Nutritional Assessment Questionnaire</td><td></td></tr><tr><td>TIMED-CHAIR-STAND</td><td>évaluation des risques de chutes et la force musculaire des membres inférieurs</td><td></td></tr><tr><td>TUG</td><td>Timed Up&amp;Go : évalue le risque de chute chez une personne</td><td>Timed Up&amp;Go</td></tr><tr><td>WECKX</td><td>WECKX mesure de degré de dépendance physique</td><td></td></tr><tr><td>SDAI</td><td>SDAI ou Simplified Disease Activity Index</td><td></td></tr><tr><td>GARS</td><td>Groningen Activity Restriction Scale</td><td></td></tr><tr><td>other</td><td>Autre</td><td>Andere</td></tr></table></div></text><url value="https://www.hl7belgium.org/fhir/CodeSystem/be-cs-score"/><version value="0.1.0"/><name value="BeCSScore"/><title value="Score Code System"/><status value="draft"/><date value="2020-10-01T11:01:09+00:00"/><publisher value="RIZIV-INAMI"/><contact><telecom><system value="url"/><value value="http://somewhere.org"/></telecom></contact><description value="Score Code System"/><jurisdiction><coding><system value="http://unstats.un.org/unsd/methods/m49/m49.htm"/><code value="056"/></coding><coding><system value="urn:iso:std:iso:3166"/><code value="BE"/></coding></jurisdiction><content value="complete"/><count value="1"/><concept><code value="ADBB"/><display value="Alarm distress baby scale"/><definition value="Alarm distress baby scale"/><designation><language value="fr-BE"/><value value="Alarm d&#xE9;tresse b&#xE9;b&#xE9;"/></designation></concept><concept><code value="BRANDEN"/><display value="Branden"/><definition value="Branden"/><designation><language value="fr-BE"/><value value="Branden"/></designation></concept><concept><code value="DOLOPLUS2"/><display value="Doloplus 2 score"/><definition value="Pain assessment for people with verbal communication impairment"/><designation><language value="fr-BE"/><value value="Evaluation de la douleur chez les personnes pr&#xE9;sentant des troubles de la communication verbale"/></designation></concept><concept><code value="EAT-10"/><display value="Eating Assessment Tool"/><definition value="Dysphagia Assessment scale"/><designation><language value="fr-BE"/><value value="&#xE9;chelle d&#39;&#xE9;valuation du degr&#xE9; de dysphagie"/></designation></concept><concept><code value="EDIN"/><display value="Neonatal pain and discomfort scale"/><definition value="Neonatal pain and discomfort scale"/><designation><language value="fr-BE"/><value value="&#xE9;chelle de la douleur et de l&#39;inconfort du nouveau-n&#xE9;"/></designation></concept><concept><code value="HEDEN"/><display value="HEDEN Pain Scale"/><definition value="HEDEN (H&#xE9;t&#xE9;ro-Evaluation de la Douleur chez l&#39;Enfant) Pain Scale"/><designation><language value="fr-BE"/><value value="h&#xE9;t&#xE9;ro-&#xE9;valuation de la douleur chez l&#39;enfant"/></designation><designation><language value="nl-BE"/><value value="HEDEN"/></designation></concept><concept><code value="MNA-complete"/><display value="Mini Nutritional Assessment - complete"/><definition value="Mini Nutritional Assessment - complete"/><designation><language value="fr-BE"/><value value="Mini Nutritional Assessment : &#xE9;chelle d&#39;&#xE9;valuation de la d&#xE9;nutrition des personnes &#xE2;g&#xE9;es."/></designation></concept><concept><code value="MNA-simplified"/><display value="Mini Nutritional Assessment - simplified"/><definition value="Mini Nutritional Assessment - simplified"/><designation><language value="fr-BE"/><value value="Mini Nutritional Assessment : &#xE9;chelle d&#39;&#xE9;valuation de la d&#xE9;nutrition des personnes &#xE2;g&#xE9;es."/></designation></concept><concept><code value="PAL"/><display value="Level of Physical Activity"/><definition value="Level of Physical Activity (NAP - Niveau d&#39;Activit&#xE9; Physique)"/><designation><language value="fr-BE"/><value value="Niveau d&#39;Activit&#xE9; Physique"/></designation></concept><concept><code value="NRS2002"/><display value="Nutritional Risk Screening"/><definition value="Nutritional Risk Screening"/><designation><language value="fr-BE"/><value value="Nutritional Risk Screening"/></designation></concept><concept><code value="SCORE"/><display value="Systemic Coronary Risk Estimation"/><definition value="Systemic Coronary Risk Estimation"/><designation><language value="fr-BE"/><value value="Syst&#xE9;mic Coronary Risk Estimation"/></designation></concept><concept><code value="SNAQ"/><display value="Short Nutritional Assessment Questionnaire"/><definition value="Short Nutritional Assessment Questionnaire"/><designation><language value="fr-BE"/><value value="Short Nutritional Assessment Questionnaire"/></designation></concept><concept><code value="TIMED-CHAIR-STAND"/><display value="Timed Chair Stand"/><definition value="Timed Chair Stand"/><designation><language value="fr-BE"/><value value="&#xE9;valuation des risques de chutes et la force musculaire des membres inf&#xE9;rieurs"/></designation></concept><concept><code value="TUG"/><display value="Timed Up&amp;Go"/><definition value="Timed Up&amp;Go"/><designation><language value="fr-BE"/><value value="Timed Up&amp;Go&#xA0;: &#xE9;value le risque de chute chez une personne"/></designation><designation><language value="nl-BE"/><value value="Timed Up&amp;Go"/></designation></concept><concept><code value="WECKX"/><display value="SCORE INZAKE ZORGBEHOEVENDHEID"/><definition value="WECKX SCORE"/><designation><language value="fr-BE"/><value value="WECKX mesure de degr&#xE9; de d&#xE9;pendance physique"/></designation></concept><concept><code value="SDAI"/><display value="SDAI ou Simplified Disease Activity Index"/><definition value="SDAI ou Simplified Disease Activity Index"/><designation><language value="fr-BE"/><value value="SDAI ou Simplified Disease Activity Index"/></designation></concept><concept><code value="GARS"/><display value="Groningen Activity Restriction Scale"/><definition value="Groningen Activity Restriction Scale"/><designation><language value="fr-BE"/><value value="Groningen Activity Restriction Scale"/></designation></concept><concept><code value="other"/><display value="Other"/><definition value="Other"/><designation><language value="fr-BE"/><value value="Autre"/></designation><designation><language value="nl-BE"/><value value="Andere"/></designation></concept></CodeSystem>