<?xml version="1.0" encoding="UTF-8"?><ValueSet xmlns="http://hl7.org/fhir"><id value="be-vs-vaccination-status-reason"/><text><status value="extensions"/><div xmlns="http://www.w3.org/1999/xhtml"><p>This value set includes codes based on the following rules:</p><ul><li>Include all codes defined in <a href="CodeSystem-be-cs-vaccination-status-reason.html"><code>https://www.hl7belgium.org/fhir/CodeSystem/be-cs-vaccination-status-reason</code></a></li><li>Include these codes as defined in <a href="http://terminology.hl7.org/2.1.0/CodeSystem-v3-ActReason.html"><code>http://terminology.hl7.org/CodeSystem/v3-ActReason</code></a><table class="none"><tr><td style="white-space:nowrap"><b>Code</b></td><td><b>Display</b></td><td><b>Definition</b></td></tr><tr><td><a href="http://terminology.hl7.org/2.1.0/CodeSystem-v3-ActReason.html#v3-ActReason-IMMUNE">IMMUNE</a></td><td>Immune</td><td>**Definition:**Testing has shown that the patient already has immunity to the agent targeted by the immunization.</td></tr><tr><td><a href="http://terminology.hl7.org/2.1.0/CodeSystem-v3-ActReason.html#v3-ActReason-MEDPREC">MEDPREC</a></td><td>Medical Precaution</td><td>**Definition:**The patient currently has a medical condition for which the vaccine is contraindicated or for which precaution is warranted.</td></tr><tr><td><a href="http://terminology.hl7.org/2.1.0/CodeSystem-v3-ActReason.html#v3-ActReason-OSTOCK">OSTOCK</a></td><td>Out of Stock</td><td>**Definition:**There was no supply of the product on hand to perform the service.</td></tr><tr><td><a href="http://terminology.hl7.org/2.1.0/CodeSystem-v3-ActReason.html#v3-ActReason-PATOBJ">PATOBJ</a></td><td>Patient Objection</td><td>**Definition:**The patient or their guardian objects to receiving the vaccine.</td></tr></table></li></ul></div></text><url value="https://www.hl7belgium.org/fhir/ValueSet/be-vs-vaccination-status-reason"/><version value="0.1.0"/><name value="BeVSVaccinationStatusReason"/><title value="Vaccination status reason Value Set"/><status value="draft"/><date value="2021-07-17T12:01:24+00:00"/><publisher value="RIZIV-INAMI"/><contact><telecom><system value="url"/><value value="http://somewhere.org"/></telecom></contact><description value="Vaccination status reason Value Set - the reasons for an vaccination status - typically representing the reason why a vaccination is not performed"/><jurisdiction><coding><system value="http://unstats.un.org/unsd/methods/m49/m49.htm"/><code value="056"/></coding><coding><system value="urn:iso:std:iso:3166"/><code value="BE"/></coding></jurisdiction><compose><include><system value="https://www.hl7belgium.org/fhir/CodeSystem/be-cs-vaccination-status-reason"/></include><include><system value="http://terminology.hl7.org/CodeSystem/v3-ActReason"/><concept><code value="IMMUNE"/><display value="Immune"/></concept><concept><code value="MEDPREC"/><display value="Medical Precaution"/></concept><concept><code value="OSTOCK"/><display value="Out of Stock"/></concept><concept><code value="PATOBJ"/><display value="Patient Objection"/></concept></include></compose></ValueSet>