<?xml version="1.0" encoding="UTF-8"?><ValueSet xmlns="http://hl7.org/fhir"><id value="be-vs-score"/><text><status value="generated"/><div xmlns="http://www.w3.org/1999/xhtml"><p>This value set includes codes based on the following rules:</p><ul><li>Include these codes as defined in <a href="http://www.snomed.org/"><code>http://snomed.info/sct</code></a><table class="none"><tr><td style="white-space:nowrap"><b>Code</b></td><td><b>Display</b></td><td><b>English (English, en)</b></td><td><b>Nederlands (België) (Dutch (Belgium), nl)</b></td><td><b>French (Belgium) (fr)</b></td></tr><tr><td><a href="http://browser.ihtsdotools.org/?perspective=full&amp;conceptId1=763117005">763117005</a></td><td>FINDRISC (Finnish Diabetes Risk Score) score</td><td>Finnish Diabetes Risk Score</td><td>Finnish Diabetes Risk Score</td><td>Finnish Diabetes Risk Score</td></tr><tr><td><a href="http://browser.ihtsdotools.org/?perspective=full&amp;conceptId1=446661009">446661009</a></td><td>Visual Analogic Scale for pain assessment</td><td></td><td>TBD</td><td>(EVA) Echelle Visuelle Analogique</td></tr><tr><td><a href="http://browser.ihtsdotools.org/?perspective=full&amp;conceptId1=273531005">273531005</a></td><td>Index of Independence in Activities of Daily Living</td><td></td><td>TBD</td><td>Grille d&#39;évaluation de l&#39;autonomie pour les activités basales de la vie quotidienne</td></tr><tr><td><a href="http://browser.ihtsdotools.org/?perspective=full&amp;conceptId1=447316007">447316007</a></td><td>Mini-Mental State Examination</td><td></td><td>TBD</td><td>Examen mental de Folstein</td></tr><tr><td><a href="http://browser.ihtsdotools.org/?perspective=full&amp;conceptId1=444297006">444297006</a></td><td>Malnutrition Universal Screening</td><td></td><td>TBD</td><td>Malnutrition Universal Screening</td></tr><tr><td><a href="http://browser.ihtsdotools.org/?perspective=full&amp;conceptId1=443133008">443133008</a></td><td>Norton Pressure Sore Risk-Assessment Scale Scoring System</td><td></td><td>TBD</td><td>évaluation du risque d&#39;escarre</td></tr><tr><td><a href="http://browser.ihtsdotools.org/?perspective=full&amp;conceptId1=7121000122100">7121000122100</a></td><td>Pain Assessment in Advanced Dementia Scale</td><td></td><td>TBD</td><td>Hétéro-évaluation de la douleur chez la personne âgée non communicante</td></tr><tr><td><a href="http://browser.ihtsdotools.org/?perspective=full&amp;conceptId1=273849003">273849003</a></td><td>Subjective Global Assessment</td><td></td><td>TBD</td><td>Subjective Global Assessment</td></tr><tr><td><a href="http://browser.ihtsdotools.org/?perspective=full&amp;conceptId1=450738001">450738001</a></td><td>Timed Chair Stand</td><td></td><td>TBD</td><td>évaluation des risques de chutes et la force musculaire des membres inférieurs</td></tr><tr><td><a href="http://browser.ihtsdotools.org/?perspective=full&amp;conceptId1=444680009">444680009</a></td><td>Timed Up&amp;Go : évalue le risque de chute chez une personne</td><td></td><td>TBD</td><td>Timed Up&amp;Go : évalue le risque de chute chez une personne</td></tr><tr><td><a href="http://browser.ihtsdotools.org/?perspective=full&amp;conceptId1=278897004">278897004</a></td><td>Waterlow pressure ulcer risk assessment</td><td></td><td>TBD</td><td>(WATERLOW) Echelle d&#39;évaluation du risque d&#39;escarre</td></tr><tr><td><a href="http://browser.ihtsdotools.org/?perspective=full&amp;conceptId1=763259004">763259004</a></td><td>Disease Activity Score</td><td></td><td>TBD</td><td>(DAS) Score d&#39;activité de la polyarthrite rhumatoïde</td></tr><tr><td><a href="http://browser.ihtsdotools.org/?perspective=full&amp;conceptId1=273364009">273364009</a></td><td>Clinical Disease Activity Index</td><td></td><td>TBD</td><td>(CDAI) Indice d&#39;activité de la polyarthrite rhumatoïde</td></tr><tr><td><a href="http://browser.ihtsdotools.org/?perspective=full&amp;conceptId1=443318007">443318007</a></td><td>Tinetti balance and gait scale</td><td></td><td>TBD</td><td>évalue le risque de chute chez une personne âgée</td></tr><tr><td><a href="http://browser.ihtsdotools.org/?perspective=full&amp;conceptId1=719124004">719124004</a></td><td>Arthritis Impact Measurement Scales 2 (AIMS2)</td><td></td><td>TBD</td><td>(EMIR) Echelle de Mesure de l&#39;Impact de la Polyarthrite Rhumatoïde</td></tr></table></li><li>Include all codes defined in <a href="CodeSystem-be-cs-score.html"><code>https://www.hl7belgium.org/fhir/CodeSystem/be-cs-score</code></a></li></ul></div></text><url value="https://www.hl7belgium.org/fhir/ValueSet/be-vs-score"/><version value="0.1.0"/><name value="BeVSScore"/><title value="Score Value Set"/><status value="draft"/><date value="2020-10-01T11:01:09+00:00"/><publisher value="RIZIV-INAMI"/><contact><telecom><system value="url"/><value value="http://somewhere.org"/></telecom></contact><description value="Score Value Set"/><jurisdiction><coding><system value="http://unstats.un.org/unsd/methods/m49/m49.htm"/><code value="056"/></coding><coding><system value="urn:iso:std:iso:3166"/><code value="BE"/></coding></jurisdiction><compose><include><system value="http://snomed.info/sct"/><concept><code value="763117005"/><display value="FINDRISC (Finnish Diabetes Risk Score) score"/><designation><use><system value="http://snomed.info/sct"/><code value="900000000000003001"/><display value="Fully specified name"/></use><value value="Finnish Diabetes Risk Score (observable entity)"/></designation><designation><language value="en"/><value value="Finnish Diabetes Risk Score"/></designation><designation><language value="nl-BE"/><value value="Finnish Diabetes Risk Score"/></designation><designation><language value="fr-BE"/><value value="Finnish Diabetes Risk Score"/></designation></concept><concept><code value="446661009"/><display value="Visual Analogic Scale for pain assessment"/><designation><language value="fr-BE"/><value value="(EVA) Echelle Visuelle Analogique"/></designation><designation><language value="nl-BE"/><value value="TBD"/></designation></concept><concept><code value="273531005"/><display value="Index of Independence in Activities of Daily Living"/><designation><language value="fr-BE"/><value value="Grille d&#39;&#xE9;valuation de l&#39;autonomie pour les activit&#xE9;s basales de la vie quotidienne"/></designation><designation><language value="nl-BE"/><value value="TBD"/></designation></concept><concept><code value="447316007"/><display value="Mini-Mental State Examination"/><designation><language value="fr-BE"/><value value="Examen mental de Folstein"/></designation><designation><language value="nl-BE"/><value value="TBD"/></designation></concept><concept><code value="444297006"/><display value="Malnutrition Universal Screening"/><designation><language value="fr-BE"/><value value="Malnutrition Universal Screening"/></designation><designation><language value="nl-BE"/><value value="TBD"/></designation></concept><concept><code value="443133008"/><display value="Norton Pressure Sore Risk-Assessment Scale Scoring System"/><designation><language value="fr-BE"/><value value="&#xE9;valuation du risque d&#39;escarre"/></designation><designation><language value="nl-BE"/><value value="TBD"/></designation></concept><concept><code value="7121000122100"/><display value="Pain Assessment in Advanced Dementia Scale"/><designation><language value="fr-BE"/><value value="H&#xE9;t&#xE9;ro-&#xE9;valuation de la douleur chez la personne &#xE2;g&#xE9;e non communicante"/></designation><designation><language value="nl-BE"/><value value="TBD"/></designation></concept><concept><code value="273849003"/><display value="Subjective Global Assessment"/><designation><language value="fr-BE"/><value value="Subjective Global Assessment"/></designation><designation><language value="nl-BE"/><value value="TBD"/></designation></concept><concept><code value="450738001"/><display value="Timed Chair Stand"/><designation><language value="fr-BE"/><value value="&#xE9;valuation des risques de chutes et la force musculaire des membres inf&#xE9;rieurs"/></designation><designation><language value="nl-BE"/><value value="TBD"/></designation></concept><concept><code value="444680009"/><display value="Timed Up&amp;Go&#xA0;: &#xE9;value le risque de chute chez une personne"/><designation><language value="fr-BE"/><value value="Timed Up&amp;Go&#xA0;: &#xE9;value le risque de chute chez une personne"/></designation><designation><language value="nl-BE"/><value value="TBD"/></designation></concept><concept><code value="278897004"/><display value="Waterlow pressure ulcer risk assessment"/><designation><language value="fr-BE"/><value value="(WATERLOW) Echelle d&#39;&#xE9;valuation du risque d&#39;escarre"/></designation><designation><language value="nl-BE"/><value value="TBD"/></designation></concept><concept><code value="763259004"/><display value="Disease Activity Score"/><designation><language value="fr-BE"/><value value="(DAS) Score d&#39;activit&#xE9; de la polyarthrite rhumato&#xEF;de"/></designation><designation><language value="nl-BE"/><value value="TBD"/></designation></concept><concept><code value="273364009"/><display value="Clinical Disease Activity Index"/><designation><language value="fr-BE"/><value value="(CDAI) Indice d&#39;activit&#xE9; de la polyarthrite rhumato&#xEF;de"/></designation><designation><language value="nl-BE"/><value value="TBD"/></designation></concept><concept><code value="443318007"/><display value="Tinetti balance and gait scale"/><designation><language value="fr-BE"/><value value="&#xE9;value le risque de chute chez une personne &#xE2;g&#xE9;e"/></designation><designation><language value="nl-BE"/><value value="TBD"/></designation></concept><concept><code value="719124004"/><display value="Arthritis Impact Measurement Scales 2 (AIMS2)"/><designation><language value="fr-BE"/><value value="(EMIR) Echelle de Mesure de l&#39;Impact de la Polyarthrite Rhumato&#xEF;de"/></designation><designation><language value="nl-BE"/><value value="TBD"/></designation></concept></include><include><system value="https://www.hl7belgium.org/fhir/CodeSystem/be-cs-score"/></include></compose></ValueSet>