<?xml version="1.0" encoding="UTF-8"?><ValueSet xmlns="http://hl7.org/fhir"><id value="be-vs-care-location"/><text><status value="generated"/><div xmlns="http://www.w3.org/1999/xhtml"><ul><li>Include all codes defined in <a href="CodeSystem-be-cs-care-location.html"><code>https://www.hl7belgium.org/fhir/CodeSystem/be-cs-care-location</code></a></li></ul></div></text><url value="https://www.hl7belgium.org/fhir/ValueSet/be-vs-care-location"/><version value="0.1.0"/><name value="BeVSCareLocation"/><title value="Care Location Value Set"/><status value="draft"/><date value="2021-06-15T22:14:18+00:00"/><publisher value="RIZIV-INAMI"/><contact><telecom><system value="url"/><value value="http://somewhere.org"/></telecom></contact><description value="Care Location Value Set"/><jurisdiction><coding><system value="http://unstats.un.org/unsd/methods/m49/m49.htm"/><code value="056"/></coding><coding><system value="urn:iso:std:iso:3166"/><code value="BE"/></coding></jurisdiction><compose><include><system value="https://www.hl7belgium.org/fhir/CodeSystem/be-cs-care-location"/></include></compose></ValueSet>