{"resourceType":"ImplementationGuide","id":"hl7.fhir.be.riziv","text":{"status":"extensions","div":"<div xmlns=\"http://www.w3.org/1999/xhtml\"><h2>RIZIV_INAMI</h2><p>The official URL for this implementation guide is: </p><pre>https://www.hl7belgium.org/fhir/ImplementationGuide/hl7.fhir.be.riziv</pre><div><p>RIZIV-INAMI - Patient Summary Record Implementation Guide</p>\n</div></div>"},"url":"https://www.hl7belgium.org/fhir/ImplementationGuide/hl7.fhir.be.riziv","version":"0.1.0","name":"RIZIV_INAMI","title":"RIZIV-INAMI Patient Record","status":"draft","experimental":false,"date":"2021-07-17T12:04:48+00:00","publisher":"RIZIV-INAMI","contact":[{"telecom":[{"system":"url","value":"http://somewhere.org"}]}],"description":"RIZIV-INAMI - Patient Summary Record Implementation Guide","jurisdiction":[{"coding":[{"system":"http://unstats.un.org/unsd/methods/m49/m49.htm","code":"056"},{"system":"urn:iso:std:iso:3166","code":"BE"}]}],"packageId":"hl7.fhir.be.riziv","license":"CC0-1.0","fhirVersion":["4.0.1"],"definition":{"extension":[{"extension":[{"url":"code","valueString":"copyrightyear"},{"url":"value","valueString":"2019+"}],"url":"http://hl7.org/fhir/tools/StructureDefinition/ig-parameter"},{"extension":[{"url":"code","valueString":"releaselabel"},{"url":"value","valueString":"CI Build"}],"url":"http://hl7.org/fhir/tools/StructureDefinition/ig-parameter"},{"extension":[{"url":"code","valueString":"path-binary"},{"url":"value","valueString":"input\\cql"}],"url":"http://hl7.org/fhir/tools/StructureDefinition/ig-parameter"},{"extension":[{"url":"code","valueString":"excludettl"},{"url":"value","valueString":"true"}],"url":"http://hl7.org/fhir/tools/StructureDefinition/ig-parameter"},{"extension":[{"url":"code","valueString":"autoload-resources"},{"url":"value","valueString":"true"}],"url":"http://hl7.org/fhir/tools/StructureDefinition/ig-parameter"},{"extension":[{"url":"code","valueString":"path-liquid"},{"url":"value","valueString":"template/liquid"}],"url":"http://hl7.org/fhir/tools/StructureDefinition/ig-parameter"},{"extension":[{"url":"code","valueString":"path-liquid"},{"url":"value","valueString":"input/liquid"}],"url":"http://hl7.org/fhir/tools/StructureDefinition/ig-parameter"},{"extension":[{"url":"code","valueString":"path-qa"},{"url":"value","valueString":"temp/qa"}],"url":"http://hl7.org/fhir/tools/StructureDefinition/ig-parameter"},{"extension":[{"url":"code","valueString":"path-temp"},{"url":"value","valueString":"temp/pages"}],"url":"http://hl7.org/fhir/tools/StructureDefinition/ig-parameter"},{"extension":[{"url":"code","valueString":"path-output"},{"url":"value","valueString":"output"}],"url":"http://hl7.org/fhir/tools/StructureDefinition/ig-parameter"},{"extension":[{"url":"code","valueString":"path-suppressed-warnings"},{"url":"value","valueString":"input/ignoreWarnings.txt"}],"url":"http://hl7.org/fhir/tools/StructureDefinition/ig-parameter"},{"extension":[{"url":"code","valueString":"path-history"},{"url":"value","valueString":"https://www.hl7belgium.org/fhir/history.html"}],"url":"http://hl7.org/fhir/tools/StructureDefinition/ig-parameter"},{"extension":[{"url":"code","valueString":"template-html"},{"url":"value","valueString":"template-page.html"}],"url":"http://hl7.org/fhir/tools/StructureDefinition/ig-parameter"},{"extension":[{"url":"code","valueString":"template-md"},{"url":"value","valueString":"template-page-md.html"}],"url":"http://hl7.org/fhir/tools/StructureDefinition/ig-parameter"},{"extension":[{"url":"code","valueString":"apply-contact"},{"url":"value","valueString":"true"}],"url":"http://hl7.org/fhir/tools/StructureDefinition/ig-parameter"},{"extension":[{"url":"code","valueString":"apply-context"},{"url":"value","valueString":"true"}],"url":"http://hl7.org/fhir/tools/StructureDefinition/ig-parameter"},{"extension":[{"url":"code","valueString":"apply-copyright"},{"url":"value","valueString":"true"}],"url":"http://hl7.org/fhir/tools/StructureDefinition/ig-parameter"},{"extension":[{"url":"code","valueString":"apply-jurisdiction"},{"url":"value","valueString":"true"}],"url":"http://hl7.org/fhir/tools/StructureDefinition/ig-parameter"},{"extension":[{"url":"code","valueString":"apply-license"},{"url":"value","valueString":"true"}],"url":"http://hl7.org/fhir/tools/StructureDefinition/ig-parameter"},{"extension":[{"url":"code","valueString":"apply-publisher"},{"url":"value","valueString":"true"}],"url":"http://hl7.org/fhir/tools/StructureDefinition/ig-parameter"},{"extension":[{"url":"code","valueString":"apply-version"},{"url":"value","valueString":"true"}],"url":"http://hl7.org/fhir/tools/StructureDefinition/ig-parameter"},{"extension":[{"url":"code","valueString":"active-tables"},{"url":"value","valueString":"true"}],"url":"http://hl7.org/fhir/tools/StructureDefinition/ig-parameter"}],"grouping":[{"id":"-str-logicalmodel","name":"Structures: Logical Models","description":"These define data models that represent the domain covered by this implementation guide in more business-friendly terms than the underlying FHIR resources."},{"id":"-str-questionnaire","name":"Structures: Questionnaires","description":"These define forms used by systems conforming to this implementation guide to capture or expose data to end users"},{"id":"-str-profile","name":"Structures: Resource Profiles","description":"These define constraints on FHIR resources for systems conforming to this implementation guide"},{"id":"-str-datatype","name":"Structures: Data Type Profiles","description":"These define constraints on FHIR data types for systems conforming to this implementation guide"},{"id":"-str-extension","name":"Structures: Extension Definitions","description":"These define constraints on FHIR data types for systems conforming to this implementation guide"},{"id":"-term-valueset","name":"Terminology: Value Sets","description":"These define sets of codes used by systems conforming to this implementation guide"},{"id":"-term-codesystem","name":"Terminology: Code Systems","description":"These define new code systems used by systems conforming to this implementation guide"},{"id":"-ex-example","name":"Example: Example Instances","description":"These are example instances that show what data produced and consumed by systems conforming with this implementation guide might look like"},{"id":"-other","name":"Other","description":"These are resources that are used within this implementation guide that do not fit into one of the other categories"}],"resource":[{"extension":[{"url":"http://hl7.org/fhir/StructureDefinition/implementationguide-page","valueUri":"StructureDefinition-be-model-vaccination.html"}],"reference":{"reference":"StructureDefinition/be-model-vaccination"},"fhirVersion":["4.0.1"],"name":"Logical Model Vaccination","description":"Vaccination logical model","groupingId":"vaccination"},{"extension":[{"url":"http://hl7.org/fhir/StructureDefinition/implementationguide-page","valueUri":"StructureDefinition-be-vaccination.html"}],"reference":{"reference":"StructureDefinition/be-vaccination"},"fhirVersion":["4.0.1"],"name":"Vaccination core BE profile","description":"The Core BE profile for Vaccination (event)","groupingId":"vaccination"},{"extension":[{"url":"http://hl7.org/fhir/StructureDefinition/implementationguide-page","valueUri":"StructureDefinition-be-ext-vaccination-location.html"}],"reference":{"reference":"StructureDefinition/be-ext-vaccination-location"},"fhirVersion":["4.0.1"],"name":"Location of the vaccination event","description":"Location of the vaccination event","groupingId":"vaccination"},{"extension":[{"url":"http://hl7.org/fhir/StructureDefinition/implementationguide-page","valueUri":"CodeSystem-be-cs-care-location.html"}],"reference":{"reference":"CodeSystem/be-cs-care-location"},"fhirVersion":["4.0.1"],"name":"CodeSystem - Care location","description":"The location of the care event","groupingId":"vaccination"},{"extension":[{"url":"http://hl7.org/fhir/StructureDefinition/implementationguide-page","valueUri":"CodeSystem-be-cs-vaccination-confirmation-status.html"}],"reference":{"reference":"CodeSystem/be-cs-vaccination-confirmation-status"},"fhirVersion":["4.0.1"],"name":"CodeSystem - vaccination confirmation status","description":"The list of vaccination confirmation status","groupingId":"vaccination"},{"extension":[{"url":"http://hl7.org/fhir/StructureDefinition/implementationguide-page","valueUri":"CodeSystem-be-cs-vaccination-status-reason.html"}],"reference":{"reference":"CodeSystem/be-cs-vaccination-status-reason"},"fhirVersion":["4.0.1"],"name":"CodeSystem - vaccination status-reason","description":"The list of vaccination status reason","groupingId":"vaccination"},{"extension":[{"url":"http://hl7.org/fhir/StructureDefinition/implementationguide-page","valueUri":"CodeSystem-be-cs-vaccination-administration-route.html"}],"reference":{"reference":"CodeSystem/be-cs-vaccination-administration-route"},"fhirVersion":["4.0.1"],"name":"CodeSystem - Vaccine Administration Route","description":"The list of administration routes for vaccines","groupingId":"vaccination"},{"extension":[{"url":"http://hl7.org/fhir/StructureDefinition/implementationguide-page","valueUri":"ValueSet-be-vs-care-location.html"}],"reference":{"reference":"ValueSet/be-vs-care-location"},"fhirVersion":["4.0.1"],"name":"ValueSet - Care location","description":"The list of Care locations","groupingId":"vaccination"},{"extension":[{"url":"http://hl7.org/fhir/StructureDefinition/implementationguide-page","valueUri":"ValueSet-be-vs-vaccination-administration-route.html"}],"reference":{"reference":"ValueSet/be-vs-vaccination-administration-route"},"fhirVersion":["4.0.1"],"name":"ValueSet - Vaccine Administration Route","description":"The list of administration routes for vaccines","groupingId":"vaccination"},{"extension":[{"url":"http://hl7.org/fhir/StructureDefinition/implementationguide-page","valueUri":"ValueSet-be-vs-vaccination-confirmation-status.html"}],"reference":{"reference":"ValueSet/be-vs-vaccination-confirmation-status"},"fhirVersion":["4.0.1"],"name":"ValueSet - vaccination confirmation status","description":"The list of vaccination confirmation status","groupingId":"vaccination"},{"extension":[{"url":"http://hl7.org/fhir/StructureDefinition/implementationguide-page","valueUri":"ValueSet-be-vs-vaccination-status-reason.html"}],"reference":{"reference":"ValueSet/be-vs-vaccination-status-reason"},"fhirVersion":["4.0.1"],"name":"ValueSet - vaccination status reason","description":"The list of vaccination status reason","groupingId":"vaccination"},{"extension":[{"url":"http://hl7.org/fhir/StructureDefinition/implementationguide-page","valueUri":"StructureDefinition-be-ext-administeredProduct.html"}],"reference":{"reference":"StructureDefinition/be-ext-administeredProduct"},"fhirVersion":["4.0.1"],"name":"Extension - Administered Product","description":"Administered Product","groupingId":"vaccination"},{"extension":[{"url":"http://hl7.org/fhir/StructureDefinition/implementationguide-page","valueUri":"StructureDefinition-be-ext-vaccination-originalorder.html"}],"reference":{"reference":"StructureDefinition/be-ext-vaccination-originalorder"},"fhirVersion":["4.0.1"],"name":"Extension - Vaccination original order","description":"Vaccination original order  (e.g. prescription)","groupingId":"vaccination"},{"extension":[{"url":"http://hl7.org/fhir/StructureDefinition/implementationguide-page","valueUri":"StructureDefinition-be-ext-recorder.html"}],"reference":{"reference":"StructureDefinition/be-ext-recorder"},"fhirVersion":["4.0.1"],"name":"Extension - Vaccination recorder","description":"Vaccination recorder","groupingId":"vaccination"},{"extension":[{"url":"http://hl7.org/fhir/StructureDefinition/implementationguide-page","valueUri":"StructureDefinition-be-ext-vaccination-confirmationStatus.html"}],"reference":{"reference":"StructureDefinition/be-ext-vaccination-confirmationStatus"},"fhirVersion":["4.0.1"],"name":"Extension - Vaccination confirmation status","description":"Vaccination confirmation status","groupingId":"vaccination"},{"extension":[{"url":"http://hl7.org/fhir/StructureDefinition/implementationguide-page","valueUri":"NamingSystem-be-ns-cnk-code.html"}],"reference":{"reference":"NamingSystem/be-ns-cnk-code"},"fhirVersion":["4.0.1"],"name":"NamingSystem - CNK Code","description":"Naming System - CNK Product Codes","groupingId":"vaccination"},{"extension":[{"url":"http://hl7.org/fhir/StructureDefinition/implementationguide-page","valueUri":"NamingSystem-be-ns-nihdi-organization.html"}],"reference":{"reference":"NamingSystem/be-ns-nihdi-organization"},"fhirVersion":["4.0.1"],"name":"NamingSystem - NIHDI Organization","description":"NamingSystem - NIHDI Organization number","groupingId":"vaccination"},{"extension":[{"url":"http://hl7.org/fhir/StructureDefinition/implementationguide-page","valueUri":"NamingSystem-be-ns-nihdi-professional.html"}],"reference":{"reference":"NamingSystem/be-ns-nihdi-professional"},"fhirVersion":["4.0.1"],"name":"NamingSystem - NIHDI Professional","description":"NamingSystem - NIHDI Professional numbers","groupingId":"vaccination"},{"extension":[{"url":"http://hl7.org/fhir/StructureDefinition/implementationguide-page","valueUri":"NamingSystem-be-ns-one-vaccination.html"}],"reference":{"reference":"NamingSystem/be-ns-one-vaccination"},"fhirVersion":["4.0.1"],"name":"NamingSystem - ONE Vaccination Id","description":"NamingSystem for ONE vaccination ID","groupingId":"vaccination"},{"extension":[{"url":"http://hl7.org/fhir/StructureDefinition/implementationguide-page","valueUri":"NamingSystem-be-ns-product-manufacturer.html"}],"reference":{"reference":"NamingSystem/be-ns-product-manufacturer"},"fhirVersion":["4.0.1"],"name":"NamingSystem - Product Manufacturer","description":"NamingSystem - Product Manufacturer","groupingId":"vaccination"},{"extension":[{"url":"http://hl7.org/fhir/StructureDefinition/implementationguide-page","valueUri":"Immunization-toto-hexa1.html"}],"reference":{"reference":"Immunization/toto-hexa1"},"fhirVersion":["4.0.1"],"name":"Toto - First hexavalent vaccination","description":"Toto - First hexavalent vaccination","exampleCanonical":"https://www.hl7belgium.org/fhir/StructureDefinition/be-vaccination","groupingId":"vaccination"},{"extension":[{"url":"http://hl7.org/fhir/StructureDefinition/implementationguide-page","valueUri":"StructureDefinition-be-allergyintolerance.html"}],"reference":{"reference":"StructureDefinition/be-allergyintolerance"},"fhirVersion":["4.0.1"],"name":"AllergyIntolerance","description":"Allergy Intolerance profile","groupingId":"allergyintolerance"},{"extension":[{"url":"http://hl7.org/fhir/StructureDefinition/implementationguide-page","valueUri":"Practitioner-durant.html"}],"reference":{"reference":"Practitioner/durant"},"fhirVersion":["4.0.1"],"name":"Example Practitioner - Dr Durant (GP)","description":"Dr. Paul Durant (GP)","exampleBoolean":true,"groupingId":"allergyintolerance"},{"extension":[{"url":"http://hl7.org/fhir/StructureDefinition/implementationguide-page","valueUri":"Practitioner-lenoir.html"}],"reference":{"reference":"Practitioner/lenoir"},"fhirVersion":["4.0.1"],"name":"Example practitioner - Dr Lenoir","description":"Lr François Lenoir","exampleBoolean":true,"groupingId":"allergyintolerance"},{"extension":[{"url":"http://hl7.org/fhir/StructureDefinition/implementationguide-page","valueUri":"Patient-noel.html"}],"reference":{"reference":"Patient/noel"},"fhirVersion":["4.0.1"],"name":"Example Patient - Noel Joyeux","description":"Patient Noel Joyeux","exampleBoolean":true,"groupingId":"allergyintolerance"},{"extension":[{"url":"http://hl7.org/fhir/StructureDefinition/implementationguide-page","valueUri":"AllergyIntolerance-noel-allergy.v0.html"}],"reference":{"reference":"AllergyIntolerance/noel-allergy.v0"},"fhirVersion":["4.0.1"],"name":"Example - Suspected Allergy","description":"Suspected Allergy to Penicillin","exampleCanonical":"https://www.hl7belgium.org/fhir/StructureDefinition/be-allergyintolerance","groupingId":"allergyintolerance"},{"extension":[{"url":"http://hl7.org/fhir/StructureDefinition/implementationguide-page","valueUri":"AllergyIntolerance-noel-allergy.v1.html"}],"reference":{"reference":"AllergyIntolerance/noel-allergy.v1"},"fhirVersion":["4.0.1"],"name":"Example - Refuted Allergy","description":"Allergy has been refuted - confirmed as non-existent","exampleCanonical":"https://www.hl7belgium.org/fhir/StructureDefinition/be-allergyintolerance","groupingId":"allergyintolerance"},{"extension":[{"url":"http://hl7.org/fhir/StructureDefinition/implementationguide-page","valueUri":"AllergyIntolerance-allergyintolerance1.html"}],"reference":{"reference":"AllergyIntolerance/allergyintolerance1"},"fhirVersion":["4.0.1"],"name":"Example - Allergy 1 - peanut allergy","description":"Allergy to peanut","exampleCanonical":"https://www.hl7belgium.org/fhir/StructureDefinition/be-allergyintolerance","groupingId":"allergyintolerance"},{"extension":[{"url":"http://hl7.org/fhir/StructureDefinition/implementationguide-page","valueUri":"AllergyIntolerance-allergyintolerance2.html"}],"reference":{"reference":"AllergyIntolerance/allergyintolerance2"},"fhirVersion":["4.0.1"],"name":"Example - Allergy 2 - Pollen allergy","description":"Allergy to pollen","exampleCanonical":"https://www.hl7belgium.org/fhir/StructureDefinition/be-allergyintolerance","groupingId":"allergyintolerance"},{"extension":[{"url":"http://hl7.org/fhir/StructureDefinition/implementationguide-page","valueUri":"ExampleScenario-scenario-allergy.html"}],"reference":{"reference":"ExampleScenario/scenario-allergy"},"fhirVersion":["4.0.1"],"name":"ExampleScenario - Suspected Allergy","description":"Suspected Allergy, then refuted","groupingId":"allergyintolerance"},{"extension":[{"url":"http://hl7.org/fhir/StructureDefinition/implementationguide-page","valueUri":"Observation-example-findRisc-screeningScoreResult.html"}],"reference":{"reference":"Observation/example-findRisc-screeningScoreResult"},"fhirVersion":["4.0.1"],"name":"Example - FINDRISC score result","description":"FIDNRISC score result example, obtained from a QuestionnaireResponse","exampleCanonical":"https://www.hl7belgium.org/fhir/StructureDefinition/be-scoreresult","groupingId":"scoreresults"},{"extension":[{"url":"http://hl7.org/fhir/StructureDefinition/implementationguide-page","valueUri":"CodeSystem-be-cs-score.html"}],"reference":{"reference":"CodeSystem/be-cs-score"},"fhirVersion":["4.0.1"],"name":"Score Result Code system","description":"Score Result codes","groupingId":"scoreresults"},{"extension":[{"url":"http://hl7.org/fhir/StructureDefinition/implementationguide-page","valueUri":"CodeSystem-be-cs-score-category.html"}],"reference":{"reference":"CodeSystem/be-cs-score-category"},"fhirVersion":["4.0.1"],"name":"Score Result Category Code system","description":"Score Result Category","groupingId":"scoreresults"},{"extension":[{"url":"http://hl7.org/fhir/StructureDefinition/implementationguide-page","valueUri":"ValueSet-be-vs-score.html"}],"reference":{"reference":"ValueSet/be-vs-score"},"fhirVersion":["4.0.1"],"name":"Score Result Value Set","description":"Score Result value set","groupingId":"scoreresults"},{"extension":[{"url":"http://hl7.org/fhir/StructureDefinition/implementationguide-page","valueUri":"ValueSet-be-vs-scorecategory.html"}],"reference":{"reference":"ValueSet/be-vs-scorecategory"},"fhirVersion":["4.0.1"],"name":"Score Category Value Set","description":"Score Category value set","groupingId":"scoreresults"},{"extension":[{"url":"http://hl7.org/fhir/StructureDefinition/implementationguide-page","valueUri":"Consent-patientwill-example.html"}],"reference":{"reference":"Consent/patientwill-example"},"groupingId":"-other"},{"extension":[{"url":"http://hl7.org/fhir/StructureDefinition/implementationguide-page","valueUri":"StructureDefinition-be-model-addiction.html"}],"reference":{"reference":"StructureDefinition/be-model-addiction"},"description":"This is the logical model of an addiction of a patient. Initially based on the input of the NIHDI.\r\n This model represents a known,  suspected or resolved addiction. This models does not intend to represent a point-in-time observation of substance intake or related event or behaviour. In other words, this logical model represents the addiction condition, not an addiction-related event or observation.","groupingId":"-str-logicalmodel"},{"extension":[{"url":"http://hl7.org/fhir/StructureDefinition/implementationguide-page","valueUri":"StructureDefinition-be-model-patientwill.html"}],"reference":{"reference":"StructureDefinition/be-model-patientwill"},"description":"This is the logical model of the patient will for a patient - in fact, each entry of the patient's will assertions. The patient will consists of several entries as modeled here. Initially based on the input of the NIHDI.\r\nThe Belgian federal profile for a patient will ONLY in the context of the patient will in the context of limitations to treatment, DNR etc. Initially based on the functional description of the NIHDI. This might in the future be also used to record agreement to participate in clinical trials etc. Any use case around informed consent or data sharing is out of scope for this logical model.","groupingId":"-str-logicalmodel"},{"extension":[{"url":"http://hl7.org/fhir/StructureDefinition/implementationguide-page","valueUri":"StructureDefinition-be-model-referralprescription.html"}],"reference":{"reference":"StructureDefinition/be-model-referralprescription"},"description":"Logical model describing the model for the prescription referral. This draft is used in the HL7 Belgian workgroup for referral.","groupingId":"-str-logicalmodel"},{"extension":[{"url":"http://hl7.org/fhir/StructureDefinition/implementationguide-page","valueUri":"StructureDefinition-be-model-problem.html"}],"reference":{"reference":"StructureDefinition/be-model-problem"},"description":"This is the logical model of the patient's problem entries in a record.","groupingId":"-str-logicalmodel"},{"extension":[{"url":"http://hl7.org/fhir/StructureDefinition/implementationguide-page","valueUri":"StructureDefinition-be-model-scoreresult.html"}],"reference":{"reference":"StructureDefinition/be-model-scoreresult"},"description":"This is the logical model of a Score Result, the result of a scoring assessment by a person or a system. Examples are risk scores, or pain score...","groupingId":"-str-logicalmodel"},{"extension":[{"url":"http://hl7.org/fhir/StructureDefinition/implementationguide-page","valueUri":"StructureDefinition-be-patient.html"}],"reference":{"reference":"StructureDefinition/be-patient"},"description":"Belgian federal profile for a patient. Initially based on the functional description of the NIHDI. Special remarks for KMEHR users: following elements in KMEHR are not available in this FHIR resource. If needed, an extension can be defined in a future iteration of these specifications: the 'deathlocation' (location is not available but the death of the patient is expressed by either date or Boolean cfr. infra.), the 'insurancystatus' (covered in a seperate FHIR resource: Coverage), 'insurancymembership' (covered in a seperate FHIR resource: Coverage) and 'profession' (covered in a possible future FHIR resource: OccupationalData.)","groupingId":"-str-profile"},{"extension":[{"url":"http://hl7.org/fhir/StructureDefinition/implementationguide-page","valueUri":"StructureDefinition-be-patientwill.html"}],"reference":{"reference":"StructureDefinition/be-patientwill"},"name":"BEPatientWill","description":"****!DRAFT!DRAFT!DRAFT! VALUESETS STILL TO BE DELIVERED FOR THIS PROFILE BY THE NIHDI **** Belgian federal profile for a patient will ONLY in the context of the patient will in the context of limitations to treatment, DNR etc. Initially based on the functional description of the NIHDI. This profile will in the future be also used to record agreement to participate in clinical trials etc. Any usecase around informed consent is out of scope for this profile.","groupingId":"-str-profile"},{"extension":[{"url":"http://hl7.org/fhir/StructureDefinition/implementationguide-page","valueUri":"StructureDefinition-be-practitioner.html"}],"reference":{"reference":"StructureDefinition/be-practitioner"},"name":"BePractitioner","groupingId":"-str-profile"},{"extension":[{"url":"http://hl7.org/fhir/StructureDefinition/implementationguide-page","valueUri":"StructureDefinition-be-practitionerrole.html"}],"reference":{"reference":"StructureDefinition/be-practitionerrole"},"name":"BePractitionerRole","groupingId":"-str-profile"},{"extension":[{"url":"http://hl7.org/fhir/StructureDefinition/implementationguide-page","valueUri":"StructureDefinition-be-organization.html"}],"reference":{"reference":"StructureDefinition/be-organization"},"description":"Belgian federal profile for an organization. Initially based on the functional description of the NIHDI.","groupingId":"-str-profile"},{"extension":[{"url":"http://hl7.org/fhir/StructureDefinition/implementationguide-page","valueUri":"StructureDefinition-be-address.html"}],"reference":{"reference":"StructureDefinition/be-address"},"description":"Belgain federal profile on address, to provide the possibility in the 'line' element to provide a seperate streetname, housenumber and postal box. It is always RECOMMENDED to give these elements seperately.","groupingId":"-str-datatype"},{"extension":[{"url":"http://hl7.org/fhir/StructureDefinition/implementationguide-page","valueUri":"CodeSystem-be-cs-patientwill-category.html"}],"reference":{"reference":"CodeSystem/be-cs-patientwill-category"},"name":"Patient Will Category CodeSystem","description":"Body Site CodeSystem","groupingId":"-term-codesystem"},{"extension":[{"url":"http://hl7.org/fhir/StructureDefinition/implementationguide-page","valueUri":"CodeSystem-be-cs-problem-category.html"}],"reference":{"reference":"CodeSystem/be-cs-problem-category"},"name":"Problem Category","description":"Problem Category","groupingId":"-term-codesystem"},{"extension":[{"url":"http://hl7.org/fhir/StructureDefinition/implementationguide-page","valueUri":"CodeSystem-be-cs-problem-origin-type.html"}],"reference":{"reference":"CodeSystem/be-cs-problem-origin-type"},"name":"Problem Origin Type","description":"Problem Origin Type","groupingId":"-term-codesystem"},{"extension":[{"url":"http://hl7.org/fhir/StructureDefinition/implementationguide-page","valueUri":"ValueSet-be-vs-patientwill-category.html"}],"reference":{"reference":"ValueSet/be-vs-patientwill-category"},"name":"Patient Will Category","description":"Score Value Set","groupingId":"-term-valueset"},{"extension":[{"url":"http://hl7.org/fhir/StructureDefinition/implementationguide-page","valueUri":"CodeSystem-be-cs-patientwill-code.html"}],"reference":{"reference":"CodeSystem/be-cs-patientwill-code"},"name":"Patient Will Directive CodeSystem","description":"Patient Will Directive CodeSystem","groupingId":"-term-codesystem"},{"extension":[{"url":"http://hl7.org/fhir/StructureDefinition/implementationguide-page","valueUri":"ValueSet-be-vs-patientwill-code.html"}],"reference":{"reference":"ValueSet/be-vs-patientwill-code"},"name":"Patient Will directives Value Set","description":"Score Value Set","groupingId":"-term-valueset"},{"extension":[{"url":"http://hl7.org/fhir/StructureDefinition/implementationguide-page","valueUri":"CodeSystem-be-cs-bodysite.html"}],"reference":{"reference":"CodeSystem/be-cs-bodysite"},"name":"Body Site CodeSystem","description":"Body Site CodeSystem","groupingId":"-term-codesystem"},{"extension":[{"url":"http://hl7.org/fhir/StructureDefinition/implementationguide-page","valueUri":"StructureDefinition-be-scoreresult.html"}],"reference":{"reference":"StructureDefinition/be-scoreresult"},"name":"BEScoreResult","description":"Defines a patient's known problem, a diagnostic or antecedent that deserves attention.","groupingId":"-str-profile"},{"extension":[{"url":"http://hl7.org/fhir/StructureDefinition/implementationguide-page","valueUri":"Questionnaire-mna-questionnaire.html"}],"reference":{"reference":"Questionnaire/mna-questionnaire"},"name":"Mini Nutritional Assessment Questionnaire","groupingId":"-str-questionnaire"},{"extension":[{"url":"http://hl7.org/fhir/StructureDefinition/implementationguide-page","valueUri":"AllergyIntolerance-allergyintolerance-encounterReference.html"}],"reference":{"reference":"AllergyIntolerance/allergyintolerance-encounterReference"},"name":"Example AllergyIntolerance - allergyintolerance-encounterReference","exampleCanonical":"https://www.hl7belgium.org/fhir/StructureDefinition/be-allergyintolerance","groupingId":"-ex-example"},{"extension":[{"url":"http://hl7.org/fhir/StructureDefinition/implementationguide-page","valueUri":"Encounter-example-encounter-uzgent-contained.html"}],"reference":{"reference":"Encounter/example-encounter-uzgent-contained"},"groupingId":"-other"},{"extension":[{"url":"http://hl7.org/fhir/StructureDefinition/implementationguide-page","valueUri":"CodeSystem-cs-mkatz.html"}],"reference":{"reference":"CodeSystem/cs-mkatz"},"name":"CodeSystem Modified Katz assessment scale","description":"CodeSystem Modified Katz assessment scale for independent living.","groupingId":"-term-codesystem"},{"extension":[{"url":"http://hl7.org/fhir/StructureDefinition/implementationguide-page","valueUri":"Questionnaire-mkatz-questionnaire.html"}],"reference":{"reference":"Questionnaire/mkatz-questionnaire"},"name":"Modified Katz scale evaluation Questionnaire","groupingId":"-str-questionnaire"},{"extension":[{"url":"http://hl7.org/fhir/StructureDefinition/implementationguide-page","valueUri":"ValueSet-be-vs-laterality.html"}],"reference":{"reference":"ValueSet/be-vs-laterality"},"name":"Laterality","description":"Laterality","groupingId":"-term-valueset"},{"extension":[{"url":"http://hl7.org/fhir/StructureDefinition/implementationguide-page","valueUri":"AllergyIntolerance-allergyintolerance-encounterReference-contained.html"}],"reference":{"reference":"AllergyIntolerance/allergyintolerance-encounterReference-contained"},"name":"Example AllergyIntolerance - allergyintolerance-encounterReference-contained","exampleCanonical":"https://www.hl7belgium.org/fhir/StructureDefinition/be-allergyintolerance","groupingId":"-ex-example"},{"extension":[{"url":"http://hl7.org/fhir/StructureDefinition/implementationguide-page","valueUri":"Encounter-example-encounter-uzgent.html"}],"reference":{"reference":"Encounter/example-encounter-uzgent"},"groupingId":"-other"},{"extension":[{"url":"http://hl7.org/fhir/StructureDefinition/implementationguide-page","valueUri":"StructureDefinition-exposure-risk.html"}],"reference":{"reference":"StructureDefinition/exposure-risk"},"description":"Exposure Risk","groupingId":"-str-extension"},{"extension":[{"url":"http://hl7.org/fhir/StructureDefinition/implementationguide-page","valueUri":"StructureDefinition-be-ext-laterality.html"}],"reference":{"reference":"StructureDefinition/be-ext-laterality"},"name":"Laterality extension","description":"An explicit statement of laterality of a lesion, or a treatment, etc.","groupingId":"-str-extension"},{"extension":[{"url":"http://hl7.org/fhir/StructureDefinition/implementationguide-page","valueUri":"Questionnaire-allergy-intolerance-questionnaire.html"}],"reference":{"reference":"Questionnaire/allergy-intolerance-questionnaire"},"name":"Allergy / Intolerance reporting Questionnaire","groupingId":"-str-questionnaire"},{"extension":[{"url":"http://hl7.org/fhir/StructureDefinition/implementationguide-page","valueUri":"CodeSystem-cs-mna.html"}],"reference":{"reference":"CodeSystem/cs-mna"},"name":"CodeSystem Mini Nutritional Assessment scale","description":"CodeSystem Mini Nutritional Assessment.","groupingId":"-term-codesystem"}],"page":{"nameUrl":"toc.html","title":"Table of Contents","generation":"html","page":[{"nameUrl":"index.html","title":"MyIG Home Page","generation":"html"},{"nameUrl":"project.html","title":"Project Description","generation":"html"},{"nameUrl":"usecases.html","title":"Use Cases","generation":"html"},{"nameUrl":"downloads.html","title":"Useful Downloads","generation":"html"},{"nameUrl":"changes.html","title":"IG Change History","generation":"html"},{"nameUrl":"artifacts.html","title":"Artifacts Summary","generation":"html","page":[{"nameUrl":"StructureDefinition-be-model-addiction.html","generation":"generated"},{"nameUrl":"StructureDefinition-be-model-patientwill.html","generation":"generated"},{"nameUrl":"StructureDefinition-be-model-referralprescription.html","generation":"generated"},{"nameUrl":"StructureDefinition-be-model-problem.html","generation":"generated"},{"nameUrl":"StructureDefinition-be-model-scoreresult.html","generation":"generated"},{"nameUrl":"Questionnaire-mna-questionnaire.html","title":"Mini Nutritional Assessment Questionnaire","generation":"generated"},{"nameUrl":"Questionnaire-mkatz-questionnaire.html","title":"Modified Katz scale evaluation Questionnaire","generation":"generated"},{"nameUrl":"Questionnaire-allergy-intolerance-questionnaire.html","title":"Allergy / Intolerance reporting Questionnaire","generation":"generated"},{"nameUrl":"StructureDefinition-be-patient.html","generation":"generated"},{"nameUrl":"StructureDefinition-be-patientwill.html","title":"BEPatientWill","generation":"generated"},{"nameUrl":"StructureDefinition-be-practitioner.html","title":"BePractitioner","generation":"generated"},{"nameUrl":"StructureDefinition-be-practitionerrole.html","title":"BePractitionerRole","generation":"generated"},{"nameUrl":"StructureDefinition-be-organization.html","generation":"generated"},{"nameUrl":"StructureDefinition-be-scoreresult.html","title":"BEScoreResult","generation":"generated"},{"nameUrl":"StructureDefinition-be-address.html","generation":"generated"},{"nameUrl":"StructureDefinition-exposure-risk.html","generation":"generated"},{"nameUrl":"StructureDefinition-be-ext-laterality.html","title":"Laterality extension","generation":"generated"},{"nameUrl":"ValueSet-be-vs-patientwill-category.html","title":"Patient Will Category","generation":"generated"},{"nameUrl":"ValueSet-be-vs-patientwill-code.html","title":"Patient Will directives Value Set","generation":"generated"},{"nameUrl":"ValueSet-be-vs-laterality.html","title":"Laterality","generation":"generated"},{"nameUrl":"CodeSystem-be-cs-patientwill-category.html","title":"Patient Will Category CodeSystem","generation":"generated"},{"nameUrl":"CodeSystem-be-cs-problem-category.html","title":"Problem Category","generation":"generated"},{"nameUrl":"CodeSystem-be-cs-problem-origin-type.html","title":"Problem Origin Type","generation":"generated"},{"nameUrl":"CodeSystem-be-cs-patientwill-code.html","title":"Patient Will Directive CodeSystem","generation":"generated"},{"nameUrl":"CodeSystem-be-cs-bodysite.html","title":"Body Site CodeSystem","generation":"generated"},{"nameUrl":"CodeSystem-cs-mkatz.html","title":"CodeSystem Modified Katz assessment scale","generation":"generated"},{"nameUrl":"CodeSystem-cs-mna.html","title":"CodeSystem Mini Nutritional Assessment scale","generation":"generated"},{"nameUrl":"AllergyIntolerance-allergyintolerance-encounterReference.html","title":"Example AllergyIntolerance - allergyintolerance-encounterReference","generation":"generated"},{"nameUrl":"AllergyIntolerance-allergyintolerance-encounterReference-contained.html","title":"Example AllergyIntolerance - allergyintolerance-encounterReference-contained","generation":"generated"},{"nameUrl":"Consent-patientwill-example.html","generation":"generated"},{"nameUrl":"Encounter-example-encounter-uzgent-contained.html","generation":"generated"},{"nameUrl":"Encounter-example-encounter-uzgent.html","generation":"generated"}]}]},"parameter":[{"code":"path-resource","value":"input/examples/Vaccination"},{"code":"path-resource","value":"input/scenarios"},{"code":"path-resource","value":"input/capabilities"},{"code":"path-resource","value":"input/examples"},{"code":"path-resource","value":"input/extensions"},{"code":"path-resource","value":"input/models"},{"code":"path-resource","value":"input/operations"},{"code":"path-resource","value":"input/profiles"},{"code":"path-resource","value":"input/resources"},{"code":"path-resource","value":"input/vocabulary"},{"code":"path-resource","value":"input/testing"},{"code":"path-resource","value":"input/history"},{"code":"path-resource","value":"fsh-generated/resources"},{"code":"path-pages","value":"template/config"},{"code":"path-pages","value":"input/images"},{"code":"path-tx-cache","value":"input-cache/txcache"}]}}