{"resourceType":"NamingSystem","id":"be-ns-nihdi-organization","text":{"status":"generated","div":"<div xmlns=\"http://www.w3.org/1999/xhtml\"><h3>Summary</h3><table class=\"grid\"><tr><td>Defining URL</td><td>https://www.hl7belgium.org/fhir/NamingSystem/be-ns-nihdi-organization</td></tr><tr><td>Version</td><td>0.1.0</td></tr><tr><td>Name</td><td>BeNSNIHDIOrganization</td></tr><tr><td>Status</td><td>active</td></tr><tr><td>Definition</td><td><div><p>Naming System - Nihdi - Organization</p>\n</div></td></tr><tr><td>Publisher</td><td>RIZIV-INAMI</td></tr></table><h3>Identifiers</h3><table class=\"grid\"><tr><td><b>Type</b></td><td><b>Value</b></td><td><b>Preferred</b></td></tr><tr><td>URI</td><td>https://www.ehealth.fgov.be/standards/fhir/NamingSystem/nihdi-organization</td><td>true</td></tr></table></div>"},"name":"BeNSNIHDIOrganization","status":"active","kind":"identifier","date":"2020-07-24","publisher":"RIZIV-INAMI","contact":[{"telecom":[{"system":"url","value":"http://somewhere.org"}]}],"description":"Naming System - Nihdi - Organization","jurisdiction":[{"coding":[{"system":"http://unstats.un.org/unsd/methods/m49/m49.htm","code":"056"},{"system":"urn:iso:std:iso:3166","code":"BE"}]}],"uniqueId":[{"type":"uri","value":"https://www.ehealth.fgov.be/standards/fhir/NamingSystem/nihdi-organization","preferred":true}]}