{
  "resourceType": "AllergyIntolerance",
  "id": "noel-allergy.v0",
  "meta": {
    "profile": [
      "https://www.hl7belgium.org/fhir/StructureDefinition/be-allergyintolerance"
    ]
  },
  "text": {
    "status": "generated",
    "div": "<div xmlns=\"http://www.w3.org/1999/xhtml\"><p><b>Generated Narrative</b></p><p><b>clinicalStatus</b>: <span title=\"Codes: {http://terminology.hl7.org/CodeSystem/allergyintolerance-clinical active}\">Active</span></p><p><b>verificationStatus</b>: <span title=\"Codes: {http://terminology.hl7.org/CodeSystem/allergyintolerance-verification unconfirmed}\">Unconfirmed</span></p><p><b>type</b>: allergy</p><p><b>category</b>: medication</p><p><b>code</b>: <span title=\"Codes: {http://snomed.info/sct 373270004}\">Allergic to Penicillin antibacterial</span></p><p><b>patient</b>: <a href=\"Patient-noel.html\">Generated Summary: Social Beneficiary Identifier: 80010112344 (OFFICIAL); active; Noël Joyeux (OFFICIAL); noel.joyeux@belgium.be, Phone: +322476792981, Phone: +3226718655; gender: male; birthDate: 1980-01-10; <span title=\"Codes: {http://terminology.hl7.org/CodeSystem/v3-MaritalStatus M}, {https://www.ehealth.fgov.be/standards/fhir/CodeSystem/be-civilstate 20}\">Married</span></a></p><p><b>onset</b>: 2020</p><p><b>recordedDate</b>: Feb 20, 2020, 3:58:00 AM</p><p><b>recorder</b>: <a href=\"Practitioner-durant.html\">Generated Summary: id: 50010112345 (OFFICIAL), id: 18749704355 (OFFICIAL); Paul Durant (OFFICIAL); Phone: 023544117, paul.durant@durantclinique.be; gender: male</a></p><p><b>note</b>: to be confirmed by tests.</p></div>"
  },
  "clinicalStatus": {
    "coding": [
      {
        "system": "http://terminology.hl7.org/CodeSystem/allergyintolerance-clinical",
        "code": "active"
      }
    ]
  },
  "verificationStatus": {
    "coding": [
      {
        "system": "http://terminology.hl7.org/CodeSystem/allergyintolerance-verification",
        "code": "unconfirmed"
      }
    ]
  },
  "type": "allergy",
  "category": [
    "medication"
  ],
  "code": {
    "coding": [
      {
        "system": "http://snomed.info/sct",
        "code": "373270004",
        "display": "Penicillin antibacterial"
      }
    ],
    "text": "Allergic to Penicillin antibacterial"
  },
  "patient": {
    "reference": "Patient/noel"
  },
  "onsetDateTime": "2020",
  "recordedDate": "2020-02-20T14:58:00+11:00",
  "recorder": {
    "reference": "Practitioner/durant"
  },
  "note": [
    {
      "text": "to be confirmed by tests."
    }
  ]
}