{
  "resourceType": "CodeSystem",
  "id": "be-cs-vaccination-administration-route",
  "text": {
    "status": "generated",
    "div": "<div xmlns=\"http://www.w3.org/1999/xhtml\"><p>This code system https://www.hl7belgium.org/fhir/CodeSystem/be-cs-vaccination-administration-route defines the following codes:</p><table class=\"codes\"><tr><td style=\"white-space:nowrap\"><b>Code</b></td><td><b>Display</b></td></tr><tr><td style=\"white-space:nowrap\">IM<a name=\"be-cs-vaccination-administration-route-IM\"> </a></td><td>Instramuscular</td></tr><tr><td style=\"white-space:nowrap\">SC<a name=\"be-cs-vaccination-administration-route-SC\"> </a></td><td>Subcutaneous</td></tr><tr><td style=\"white-space:nowrap\">IV<a name=\"be-cs-vaccination-administration-route-IV\"> </a></td><td>Intravenous</td></tr><tr><td style=\"white-space:nowrap\">ID<a name=\"be-cs-vaccination-administration-route-ID\"> </a></td><td>Intradermal</td></tr><tr><td style=\"white-space:nowrap\">Oral<a name=\"be-cs-vaccination-administration-route-Oral\"> </a></td><td>Oral</td></tr><tr><td style=\"white-space:nowrap\">Nasal<a name=\"be-cs-vaccination-administration-route-Nasal\"> </a></td><td>Nasal</td></tr><tr><td style=\"white-space:nowrap\">unknown<a name=\"be-cs-vaccination-administration-route-unknown\"> </a></td><td>Unknown</td></tr></table><p><b>Additional Language Displays</b></p><table class=\"codes\"><tr><td><b>Code</b></td><td><b>French (Belgium) (fr)</b></td><td><b>Nederlands (België) (Dutch (Belgium), nl)</b></td></tr><tr><td>IM</td><td>Intramusculaire</td><td>Intramusculaire</td></tr><tr><td>SC</td><td>Sous-cutanée</td><td>Subcutane</td></tr><tr><td>IV</td><td>intraveineuse</td><td>intraveneus</td></tr><tr><td>ID</td><td>Intradermique</td><td>Intradermale</td></tr><tr><td>Oral</td><td>Orale</td><td>Mondeling</td></tr><tr><td>Nasal</td><td>Nasal</td><td>Nasaal</td></tr><tr><td>unknown</td><td>Inconnu</td><td>onbekend</td></tr></table></div>"
  },
  "url": "https://www.hl7belgium.org/fhir/CodeSystem/be-cs-vaccination-administration-route",
  "version": "0.1.0",
  "name": "BeCSVaccineAdministrationRoute",
  "title": "Vaccine Administration Route",
  "status": "draft",
  "date": "2021-07-17T18:05:25+00:00",
  "publisher": "mmm",
  "contact": [
    {
      "telecom": [
        {
          "system": "url",
          "value": "http://somewhere.org"
        }
      ]
    }
  ],
  "description": "Vaccine Administration Route",
  "jurisdiction": [
    {
      "coding": [
        {
          "system": "http://unstats.un.org/unsd/methods/m49/m49.htm",
          "code": "056"
        },
        {
          "system": "urn:iso:std:iso:3166",
          "code": "BE"
        }
      ]
    }
  ],
  "content": "complete",
  "concept": [
    {
      "code": "IM",
      "display": "Instramuscular",
      "designation": [
        {
          "language": "fr-BE",
          "value": "Intramusculaire"
        },
        {
          "language": "nl-BE",
          "value": "Intramusculaire"
        }
      ]
    },
    {
      "code": "SC",
      "display": "Subcutaneous",
      "designation": [
        {
          "language": "fr-BE",
          "value": "Sous-cutanée"
        },
        {
          "language": "nl-BE",
          "value": "Subcutane"
        }
      ]
    },
    {
      "code": "IV",
      "display": "Intravenous",
      "designation": [
        {
          "language": "fr-BE",
          "value": "intraveineuse"
        },
        {
          "language": "nl-BE",
          "value": "intraveneus"
        }
      ]
    },
    {
      "code": "ID",
      "display": "Intradermal",
      "designation": [
        {
          "language": "fr-BE",
          "value": "Intradermique"
        },
        {
          "language": "nl-BE",
          "value": "Intradermale"
        }
      ]
    },
    {
      "code": "Oral",
      "display": "Oral",
      "designation": [
        {
          "language": "fr-BE",
          "value": "Orale"
        },
        {
          "language": "nl-BE",
          "value": "Mondeling"
        }
      ]
    },
    {
      "code": "Nasal",
      "display": "Nasal",
      "designation": [
        {
          "language": "fr-BE",
          "value": "Nasal"
        },
        {
          "language": "nl-BE",
          "value": "Nasaal"
        }
      ]
    },
    {
      "code": "unknown",
      "display": "Unknown",
      "designation": [
        {
          "language": "fr-BE",
          "value": "Inconnu"
        },
        {
          "language": "nl-BE",
          "value": "onbekend"
        }
      ]
    }
  ]
}