{
  "resourceType": "Immunization",
  "id": "toto-hexa4-skipped",
  "meta": {
    "profile": [
      "https://www.hl7belgium.org/fhir/StructureDefinition/be-vaccination"
    ]
  },
  "text": {
    "status": "extensions",
    "div": "<div xmlns=\"http://www.w3.org/1999/xhtml\"><p><b>Generated Narrative</b></p><p><b>Location (reference, code or text) of the vaccination</b>: <a href=\"Organization-org-one-brussels.html\">Generated Summary: id: 457213512; active; name: ONE Brussels; https://www.one.be</a></p><p><b>How certain is the vaccination information - confirmed, not confirmed</b>: confirmed</p><p><b>identifier</b>: id: c3743217-7b07-4370-b5e2-3eb0f2af108a</p><p><b>status</b>: not-done</p><p><b>statusReason</b>: <span title=\"Codes: {http://terminology.hl7.org/CodeSystem/v3-ActReason MEDPREC}\">medical precaution</span></p><p><b>vaccineCode</b>: <span title=\"Codes: {http://hl7.org/fhir/sid/cvx 146}\">DTaP,IPV,Hib,HepB</span></p><p><b>patient</b>: <span></span></p><p><b>occurrence</b>: 2017-06-16</p><p><b>recorded</b>: 2017-06-16</p><blockquote><p><b>performer</b></p><p><b>actor</b>: <span></span></p></blockquote><blockquote><p><b>performer</b></p><p><b>actor</b>: <span></span></p></blockquote><p><b>reasonReference</b>: <a href=\"Observation-fever.html\">Generated Summary: <span title=\"Codes: {http://snomed.info/sct 386661006}\">Fever (finding)</span></a></p><h3>ProtocolApplieds</h3><table class=\"grid\"><tr><td>-</td><td><b>DoseNumber[x]</b></td><td><b>SeriesDoses[x]</b></td></tr><tr><td>*</td><td>4</td><td>4</td></tr></table></div>"
  },
  "extension": [
    {
      "url": "https://www.hl7belgium.org/fhir/StructureDefinition/be-ext-vaccination-location",
      "valueReference": {
        "reference": "Organization/org-one-brussels"
      }
    },
    {
      "url": "https://www.hl7belgium.org/fhir/StructureDefinition/be-ext-vaccination-confirmationStatus",
      "valueCode": "confirmed"
    }
  ],
  "identifier": [
    {
      "system": "https://www.one.be/vaccination/immunisation-register",
      "value": "c3743217-7b07-4370-b5e2-3eb0f2af108a"
    }
  ],
  "status": "not-done",
  "statusReason": {
    "coding": [
      {
        "system": "http://terminology.hl7.org/CodeSystem/v3-ActReason",
        "code": "MEDPREC"
      }
    ]
  },
  "vaccineCode": {
    "coding": [
      {
        "system": "http://hl7.org/fhir/sid/cvx",
        "code": "146"
      }
    ]
  },
  "patient": {
    "identifier": {
      "system": "https://www.ehealth.fgov.be/standards/fhir/NamingSystem/ssin",
      "value": "16032376921"
    }
  },
  "occurrenceDateTime": "2017-06-16",
  "recorded": "2017-06-16",
  "performer": [
    {
      "actor": {
        "identifier": {
          "system": "https://www.ehealth.fgov.be/standards/fhir/NamingSystem/nihdi-organization",
          "value": "NIHDI_ONE"
        }
      }
    },
    {
      "actor": {
        "identifier": {
          "value": "ONE Nurse 2"
        }
      }
    }
  ],
  "reasonReference": [
    {
      "reference": "Observation/fever"
    }
  ],
  "protocolApplied": [
    {
      "doseNumberPositiveInt": 4,
      "seriesDosesPositiveInt": 4
    }
  ]
}