<?xml version="1.0" encoding="UTF-8"?>

<Immunization xmlns="http://hl7.org/fhir">
  <id value="toto-hexa2"/>
  <meta>
    <profile value="https://www.hl7belgium.org/fhir/StructureDefinition/be-vaccination"/>
  </meta>
  <text>
    <status value="extensions"/><div xmlns="http://www.w3.org/1999/xhtml"><p><b>Generated Narrative</b></p><p><b>Location (reference, code or text) of the vaccination</b>: <a href="Organization-org-one-brussels.html">Generated Summary: id: 457213512; active; name: ONE Brussels; https://www.one.be</a></p><p><b>Product administered</b>: <span></span></p><p><b>How certain is the vaccination information - confirmed, not confirmed</b>: confirmed</p><p><b>identifier</b>: id: e15cd3d6-cfd8-4f77-9c78-9eb1a0fe5671</p><p><b>status</b>: completed</p><p><b>vaccineCode</b>: <span title="Codes: {http://hl7.org/fhir/sid/cvx 146}">DTaP,IPV,Hib,HepB</span></p><p><b>patient</b>: <span></span></p><p><b>occurrence</b>: 2016-07-04</p><p><b>recorded</b>: 2016-07-04</p><p><b>manufacturer</b>: <a href="Organization-org-sanofi.html">Generated Summary: id: 111111111122; active; name: Sanofi France</a></p><p><b>lotNumber</b>: L00156</p><p><b>doseQuantity</b>: 1</p><blockquote><p><b>performer</b></p><p><b>actor</b>: <span></span></p></blockquote><blockquote><p><b>performer</b></p><p><b>actor</b>: <span></span></p></blockquote><h3>ProtocolApplieds</h3><table class="grid"><tr><td>-</td><td><b>DoseNumber[x]</b></td><td><b>SeriesDoses[x]</b></td></tr><tr><td>*</td><td>2</td><td>4</td></tr></table></div>
  </text>
  <extension url="https://www.hl7belgium.org/fhir/StructureDefinition/be-ext-vaccination-location">
    <valueReference>
      <reference value="Organization/org-one-brussels"/>
    </valueReference>
  </extension>
  <extension url="https://www.hl7belgium.org/fhir/StructureDefinition/be-ext-administeredProduct">
    <valueReference>
      <identifier>
        <system value="http://snomed.info/sct"/>
        <value value="3050176"/>
      </identifier>
    </valueReference>
  </extension>
  <extension url="https://www.hl7belgium.org/fhir/StructureDefinition/be-ext-vaccination-confirmationStatus">
    <valueCode value="confirmed"/>
  </extension>
  <identifier>
    <system value="https://www.one.be/vaccination/immunisation-register"/>
    <value value="e15cd3d6-cfd8-4f77-9c78-9eb1a0fe5671"/>
  </identifier>
  <status value="completed"/>
  <vaccineCode>
    <coding>
      <system value="http://hl7.org/fhir/sid/cvx"/>
      <code value="146"/>
    </coding>
    <coding>
      <code value="3050176"/>
    </coding>
  </vaccineCode>
  <patient>
    <identifier>
      <system value="https://www.ehealth.fgov.be/standards/fhir/NamingSystem/ssin"/>
      <value value="16032376921"/>
    </identifier>
  </patient>
  <occurrenceDateTime value="2016-07-04"/>
  <recorded value="2016-07-04"/>
  <manufacturer>
    <reference value="Organization/org-sanofi"/>
  </manufacturer>
  <lotNumber value="L00156"/>
  <doseQuantity>
    <value value="1"/>
  </doseQuantity>
  <performer>
    <actor>
      <identifier>
        <system value="https://www.ehealth.fgov.be/standards/fhir/NamingSystem/nihdi-organization"/>
        <value value="NIHDI_ONE"/>
      </identifier>
    </actor>
  </performer>
  <performer>
    <actor>
      <identifier>
        <value value="ONE Nurse  1"/>
      </identifier>
    </actor>
  </performer>
  <protocolApplied>
    <doseNumberPositiveInt value="2"/>
    <seriesDosesPositiveInt value="4"/>
  </protocolApplied>
</Immunization>