{
  "resourceType": "Immunization",
  "id": "toto-hexa4-swelling",
  "meta": {
    "profile": [
      "https://www.hl7belgium.org/fhir/StructureDefinition/be-vaccination"
    ]
  },
  "text": {
    "status": "extensions",
    "div": "<div xmlns=\"http://www.w3.org/1999/xhtml\"><p><b>Generated Narrative</b></p><p><b>Location (reference, code or text) of the vaccination</b>: <a href=\"Organization-org-one-brussels.html\">Generated Summary: id: 457213512; active; name: ONE Brussels; https://www.one.be</a></p><p><b>How certain is the vaccination information - confirmed, not confirmed</b>: confirmed</p><p><b>identifier</b>: id: 1c4feb6a-275d-4029-9466-31b353710f84</p><p><b>status</b>: completed</p><p><b>vaccineCode</b>: <span title=\"Codes: {http://hl7.org/fhir/sid/cvx 146}\">DTaP,IPV,Hib,HepB</span></p><p><b>patient</b>: <span></span></p><p><b>occurrence</b>: 2017-06-23</p><p><b>recorded</b>: 2017-06-23</p><p><b>manufacturer</b>: <a href=\"Organization-org-sanofi.html\">Generated Summary: id: 111111111122; active; name: Sanofi France</a></p><p><b>lotNumber</b>: L16855</p><p><b>doseQuantity</b>: 1</p><blockquote><p><b>performer</b></p><p><b>actor</b>: <span></span></p></blockquote><blockquote><p><b>performer</b></p><p><b>actor</b>: <span></span></p></blockquote><h3>Reactions</h3><table class=\"grid\"><tr><td>-</td><td><b>Detail</b></td></tr><tr><td>*</td><td><a name=\"erythema\"> </a><blockquote><p></p><p><b>code</b>: <span title=\"Codes: {http://snomed.info/sct 247441003}\">Erythema</span></p><p><b>subject</b>: <span></span></p></blockquote></td></tr></table><h3>ProtocolApplieds</h3><table class=\"grid\"><tr><td>-</td><td><b>DoseNumber[x]</b></td><td><b>SeriesDoses[x]</b></td></tr><tr><td>*</td><td>4</td><td>4</td></tr></table></div>"
  },
  "contained": [
    {
      "resourceType": "Observation",
      "id": "erythema",
      "status": "final",
      "code": {
        "coding": [
          {
            "system": "http://snomed.info/sct",
            "code": "247441003"
          }
        ]
      },
      "subject": {
        "identifier": {
          "system": "https://www.ehealth.fgov.be/standards/fhir/NamingSystem/ssin",
          "value": "16032376921"
        }
      }
    }
  ],
  "extension": [
    {
      "url": "https://www.hl7belgium.org/fhir/StructureDefinition/be-ext-vaccination-location",
      "valueReference": {
        "reference": "Organization/org-one-brussels"
      }
    },
    {
      "url": "https://www.hl7belgium.org/fhir/StructureDefinition/be-ext-vaccination-confirmationStatus",
      "valueCode": "confirmed"
    }
  ],
  "identifier": [
    {
      "system": "https://www.one.be/vaccination/immunisation-register",
      "value": "1c4feb6a-275d-4029-9466-31b353710f84"
    }
  ],
  "status": "completed",
  "vaccineCode": {
    "coding": [
      {
        "system": "http://hl7.org/fhir/sid/cvx",
        "code": "146"
      },
      {
        "code": "3050176"
      }
    ]
  },
  "patient": {
    "identifier": {
      "system": "https://www.ehealth.fgov.be/standards/fhir/NamingSystem/ssin",
      "value": "16032376921"
    }
  },
  "occurrenceDateTime": "2017-06-23",
  "recorded": "2017-06-23",
  "manufacturer": {
    "reference": "Organization/org-sanofi"
  },
  "lotNumber": "L16855",
  "doseQuantity": {
    "value": 1
  },
  "performer": [
    {
      "actor": {
        "identifier": {
          "system": "https://www.ehealth.fgov.be/standards/fhir/NamingSystem/nihdi-organization",
          "value": "NIHDI_ONE"
        }
      }
    },
    {
      "actor": {
        "identifier": {
          "value": "ONE Nurse  1"
        }
      }
    }
  ],
  "reaction": [
    {
      "detail": {
        "reference": "#erythema"
      }
    }
  ],
  "protocolApplied": [
    {
      "doseNumberPositiveInt": 4,
      "seriesDosesPositiveInt": 4
    }
  ]
}