{
  "resourceType": "ImmunizationRecommendation",
  "id": "order-gabriel-flu",
  "text": {
    "status": "generated",
    "div": "<div xmlns=\"http://www.w3.org/1999/xhtml\"><p><b>Generated Narrative</b></p><p><b>patient</b>: <span></span></p><p><b>date</b>: 2019-09-02</p><h3>Recommendations</h3><table class=\"grid\"><tr><td>-</td><td><b>VaccineCode</b></td><td><b>ForecastStatus</b></td></tr><tr><td>*</td><td><span title=\"Codes: {http://hl7.org/fhir/sid/cvx 141}\">Influenza, seasonal, injectable</span></td><td><span title=\"Codes: {http://terminology.hl7.org/CodeSystem/vaccination-recommendation-status due}\">due</span></td></tr></table></div>"
  },
  "patient": {
    "identifier": {
      "system": "https://www.ehealth.fgov.be/standards/fhir/NamingSystem/ssin",
      "value": "55011779911"
    }
  },
  "date": "2019-09-02",
  "recommendation": [
    {
      "vaccineCode": [
        {
          "coding": [
            {
              "system": "http://hl7.org/fhir/sid/cvx",
              "code": "141"
            }
          ]
        }
      ],
      "forecastStatus": {
        "coding": [
          {
            "system": "http://terminology.hl7.org/CodeSystem/vaccination-recommendation-status",
            "code": "due"
          }
        ]
      }
    }
  ]
}