{"resourceType":"CodeSystem","id":"be-cs-score","text":{"status":"generated","div":"<div xmlns=\"http://www.w3.org/1999/xhtml\"><p>This code system https://www.hl7belgium.org/fhir/CodeSystem/be-cs-score defines the following codes:</p><table class=\"codes\"><tr><td style=\"white-space:nowrap\"><b>Code</b></td><td><b>Display</b></td><td><b>Definition</b></td></tr><tr><td style=\"white-space:nowrap\">ADBB<a name=\"be-cs-score-ADBB\"> </a></td><td>Alarm distress baby scale</td><td>Alarm distress baby scale</td></tr><tr><td style=\"white-space:nowrap\">BRANDEN<a name=\"be-cs-score-BRANDEN\"> </a></td><td>Branden</td><td>Branden</td></tr><tr><td style=\"white-space:nowrap\">DOLOPLUS2<a name=\"be-cs-score-DOLOPLUS2\"> </a></td><td>Doloplus 2 score</td><td>Pain assessment for people with verbal communication impairment</td></tr><tr><td style=\"white-space:nowrap\">EAT-10<a name=\"be-cs-score-EAT-10\"> </a></td><td>Eating Assessment Tool</td><td>Dysphagia Assessment scale</td></tr><tr><td style=\"white-space:nowrap\">EDIN<a name=\"be-cs-score-EDIN\"> </a></td><td>Neonatal pain and discomfort scale</td><td>Neonatal pain and discomfort scale</td></tr><tr><td style=\"white-space:nowrap\">HEDEN<a name=\"be-cs-score-HEDEN\"> </a></td><td>HEDEN Pain Scale</td><td>HEDEN (Hétéro-Evaluation de la Douleur chez l'Enfant) Pain Scale</td></tr><tr><td style=\"white-space:nowrap\">MNA-complete<a name=\"be-cs-score-MNA-complete\"> </a></td><td>Mini Nutritional Assessment - complete</td><td>Mini Nutritional Assessment - complete</td></tr><tr><td style=\"white-space:nowrap\">MNA-simplified<a name=\"be-cs-score-MNA-simplified\"> </a></td><td>Mini Nutritional Assessment - simplified</td><td>Mini Nutritional Assessment - simplified</td></tr><tr><td style=\"white-space:nowrap\">PAL<a name=\"be-cs-score-PAL\"> </a></td><td>Level of Physical Activity</td><td>Level of Physical Activity (NAP - Niveau d'Activité Physique)</td></tr><tr><td style=\"white-space:nowrap\">NRS2002<a name=\"be-cs-score-NRS2002\"> </a></td><td>Nutritional Risk Screening</td><td>Nutritional Risk Screening</td></tr><tr><td style=\"white-space:nowrap\">SCORE<a name=\"be-cs-score-SCORE\"> </a></td><td>Systemic Coronary Risk Estimation</td><td>Systemic Coronary Risk Estimation</td></tr><tr><td style=\"white-space:nowrap\">SNAQ<a name=\"be-cs-score-SNAQ\"> </a></td><td>Short Nutritional Assessment Questionnaire</td><td>Short Nutritional Assessment Questionnaire</td></tr><tr><td style=\"white-space:nowrap\">TIMED-CHAIR-STAND<a name=\"be-cs-score-TIMED-CHAIR-STAND\"> </a></td><td>Timed Chair Stand</td><td>Timed Chair Stand</td></tr><tr><td style=\"white-space:nowrap\">TUG<a name=\"be-cs-score-TUG\"> </a></td><td>Timed Up&amp;Go</td><td>Timed Up&amp;Go</td></tr><tr><td style=\"white-space:nowrap\">WECKX<a name=\"be-cs-score-WECKX\"> </a></td><td>SCORE INZAKE ZORGBEHOEVENDHEID</td><td>WECKX SCORE</td></tr><tr><td style=\"white-space:nowrap\">SDAI<a name=\"be-cs-score-SDAI\"> </a></td><td>SDAI ou Simplified Disease Activity Index</td><td>SDAI ou Simplified Disease Activity Index</td></tr><tr><td style=\"white-space:nowrap\">GARS<a name=\"be-cs-score-GARS\"> </a></td><td>Groningen Activity Restriction Scale</td><td>Groningen Activity Restriction Scale</td></tr><tr><td style=\"white-space:nowrap\">other<a name=\"be-cs-score-other\"> </a></td><td>Other</td><td>Other</td></tr></table><p><b>Additional Language Displays</b></p><table class=\"codes\"><tr><td><b>Code</b></td><td><b>French (Belgium) (fr)</b></td><td><b>Nederlands (België) (Dutch (Belgium), nl)</b></td></tr><tr><td>ADBB</td><td>Alarm détresse bébé</td><td></td></tr><tr><td>BRANDEN</td><td>Branden</td><td></td></tr><tr><td>DOLOPLUS2</td><td>Evaluation de la douleur chez les personnes présentant des troubles de la communication verbale</td><td></td></tr><tr><td>EAT-10</td><td>échelle d'évaluation du degré de dysphagie</td><td></td></tr><tr><td>EDIN</td><td>échelle de la douleur et de l'inconfort du nouveau-né</td><td></td></tr><tr><td>HEDEN</td><td>hétéro-évaluation de la douleur chez l'enfant</td><td>HEDEN</td></tr><tr><td>MNA-complete</td><td>Mini Nutritional Assessment : échelle d'évaluation de la dénutrition des personnes âgées.</td><td></td></tr><tr><td>MNA-simplified</td><td>Mini Nutritional Assessment : échelle d'évaluation de la dénutrition des personnes âgées.</td><td></td></tr><tr><td>PAL</td><td>Niveau d'Activité Physique</td><td></td></tr><tr><td>NRS2002</td><td>Nutritional Risk Screening</td><td></td></tr><tr><td>SCORE</td><td>Systémic Coronary Risk Estimation</td><td></td></tr><tr><td>SNAQ</td><td>Short Nutritional Assessment Questionnaire</td><td></td></tr><tr><td>TIMED-CHAIR-STAND</td><td>évaluation des risques de chutes et la force musculaire des membres inférieurs</td><td></td></tr><tr><td>TUG</td><td>Timed Up&amp;Go : évalue le risque de chute chez une personne</td><td>Timed Up&amp;Go</td></tr><tr><td>WECKX</td><td>WECKX mesure de degré de dépendance physique</td><td></td></tr><tr><td>SDAI</td><td>SDAI ou Simplified Disease Activity Index</td><td></td></tr><tr><td>GARS</td><td>Groningen Activity Restriction Scale</td><td></td></tr><tr><td>other</td><td>Autre</td><td>Andere</td></tr></table></div>"},"url":"https://www.hl7belgium.org/fhir/CodeSystem/be-cs-score","version":"0.1.0","name":"BeCSScore","title":"Score Code System","status":"draft","date":"2020-10-01T11:01:09+00:00","publisher":"RIZIV-INAMI","contact":[{"telecom":[{"system":"url","value":"http://somewhere.org"}]}],"description":"Score Code System","jurisdiction":[{"coding":[{"system":"http://unstats.un.org/unsd/methods/m49/m49.htm","code":"056"},{"system":"urn:iso:std:iso:3166","code":"BE"}]}],"content":"complete","count":1,"concept":[{"code":"ADBB","display":"Alarm distress baby scale","definition":"Alarm distress baby scale","designation":[{"language":"fr-BE","value":"Alarm détresse bébé"}]},{"code":"BRANDEN","display":"Branden","definition":"Branden","designation":[{"language":"fr-BE","value":"Branden"}]},{"code":"DOLOPLUS2","display":"Doloplus 2 score","definition":"Pain assessment for people with verbal communication impairment","designation":[{"language":"fr-BE","value":"Evaluation de la douleur chez les personnes présentant des troubles de la communication verbale"}]},{"code":"EAT-10","display":"Eating Assessment Tool","definition":"Dysphagia Assessment scale","designation":[{"language":"fr-BE","value":"échelle d'évaluation du degré de dysphagie"}]},{"code":"EDIN","display":"Neonatal pain and discomfort scale","definition":"Neonatal pain and discomfort scale","designation":[{"language":"fr-BE","value":"échelle de la douleur et de l'inconfort du nouveau-né"}]},{"code":"HEDEN","display":"HEDEN Pain Scale","definition":"HEDEN (Hétéro-Evaluation de la Douleur chez l'Enfant) Pain Scale","designation":[{"language":"fr-BE","value":"hétéro-évaluation de la douleur chez l'enfant"},{"language":"nl-BE","value":"HEDEN"}]},{"code":"MNA-complete","display":"Mini Nutritional Assessment - complete","definition":"Mini Nutritional Assessment - complete","designation":[{"language":"fr-BE","value":"Mini Nutritional Assessment : échelle d'évaluation de la dénutrition des personnes âgées."}]},{"code":"MNA-simplified","display":"Mini Nutritional Assessment - simplified","definition":"Mini Nutritional Assessment - simplified","designation":[{"language":"fr-BE","value":"Mini Nutritional Assessment : échelle d'évaluation de la dénutrition des personnes âgées."}]},{"code":"PAL","display":"Level of Physical Activity","definition":"Level of Physical Activity (NAP - Niveau d'Activité Physique)","designation":[{"language":"fr-BE","value":"Niveau d'Activité Physique"}]},{"code":"NRS2002","display":"Nutritional Risk Screening","definition":"Nutritional Risk Screening","designation":[{"language":"fr-BE","value":"Nutritional Risk Screening"}]},{"code":"SCORE","display":"Systemic Coronary Risk Estimation","definition":"Systemic Coronary Risk Estimation","designation":[{"language":"fr-BE","value":"Systémic Coronary Risk Estimation"}]},{"code":"SNAQ","display":"Short Nutritional Assessment Questionnaire","definition":"Short Nutritional Assessment Questionnaire","designation":[{"language":"fr-BE","value":"Short Nutritional Assessment Questionnaire"}]},{"code":"TIMED-CHAIR-STAND","display":"Timed Chair Stand","definition":"Timed Chair Stand","designation":[{"language":"fr-BE","value":"évaluation des risques de chutes et la force musculaire des membres inférieurs"}]},{"code":"TUG","display":"Timed Up&Go","definition":"Timed Up&Go","designation":[{"language":"fr-BE","value":"Timed Up&Go : évalue le risque de chute chez une personne"},{"language":"nl-BE","value":"Timed Up&Go"}]},{"code":"WECKX","display":"SCORE INZAKE ZORGBEHOEVENDHEID","definition":"WECKX SCORE","designation":[{"language":"fr-BE","value":"WECKX mesure de degré de dépendance physique"}]},{"code":"SDAI","display":"SDAI ou Simplified Disease Activity Index","definition":"SDAI ou Simplified Disease Activity Index","designation":[{"language":"fr-BE","value":"SDAI ou Simplified Disease Activity Index"}]},{"code":"GARS","display":"Groningen Activity Restriction Scale","definition":"Groningen Activity Restriction Scale","designation":[{"language":"fr-BE","value":"Groningen Activity Restriction Scale"}]},{"code":"other","display":"Other","definition":"Other","designation":[{"language":"fr-BE","value":"Autre"},{"language":"nl-BE","value":"Andere"}]}]}