{"resourceType":"StructureDefinition","id":"be-model-patientwill","text":{"status":"extensions","div":"<div xmlns=\"http://www.w3.org/1999/xhtml\"><table border=\"0\" cellpadding=\"0\" cellspacing=\"0\" style=\"border: 0px #F0F0F0 solid; font-size: 11px; font-family: verdana; vertical-align: top;\"><tr style=\"border: 1px #F0F0F0 solid; font-size: 11px; font-family: verdana; vertical-align: top\"><th style=\"vertical-align: top; text-align : left; background-color: white; border: 0px #F0F0F0 solid; padding:0px 4px 0px 4px\" class=\"hierarchy\"><a href=\"http://hl7.org/fhir/R4/formats.html#table\" title=\"The logical name of the element\">Name</a></th><th style=\"vertical-align: top; text-align : left; background-color: white; border: 0px #F0F0F0 solid; padding:0px 4px 0px 4px\" class=\"hierarchy\"><a href=\"http://hl7.org/fhir/R4/formats.html#table\" title=\"Information about the use of the element\">Flags</a></th><th style=\"vertical-align: top; text-align : left; background-color: white; border: 0px #F0F0F0 solid; padding:0px 4px 0px 4px\" class=\"hierarchy\"><a href=\"http://hl7.org/fhir/R4/formats.html#table\" title=\"Minimum and Maximum # of times the the element can appear in the instance\">Card.</a></th><th style=\"width: 100px\" class=\"hierarchy\"><a href=\"http://hl7.org/fhir/R4/formats.html#table\" title=\"Reference to the type of the element\">Type</a></th><th style=\"vertical-align: top; text-align : left; background-color: white; border: 0px #F0F0F0 solid; padding:0px 4px 0px 4px\" class=\"hierarchy\"><a href=\"http://hl7.org/fhir/R4/formats.html#table\" title=\"Additional information about the element\">Description &amp; Constraints</a><span style=\"float: right\"><a href=\"http://hl7.org/fhir/R4/formats.html#table\" title=\"Legend for this format\"><img src=\"http://hl7.org/fhir/R4/help16.png\" alt=\"doco\" style=\"background-color: inherit\"/></a></span></th></tr><tr style=\"border: 0px #F0F0F0 solid; padding:0px; vertical-align: top; background-color: white\"><td style=\"vertical-align: top; text-align : left; background-color: white; border: 0px #F0F0F0 solid; padding:0px 4px 0px 4px; white-space: nowrap; background-image: url(tbl_bck1.png)\" class=\"hierarchy\"><img src=\"tbl_spacer.png\" alt=\".\" style=\"background-color: inherit\" class=\"hierarchy\"/><img src=\"icon_element.gif\" alt=\".\" style=\"background-color: white; background-color: inherit\" title=\"Element\" class=\"hierarchy\"/> <a href=\"StructureDefinition-be-model-patientwill-definitions.html#BEPatientWill\" title=\"A patient will (a single entry in the patient will) - an individual statement of permission or refusal for care-related activities such as live organ donation, resuscitation, etc.\">BEPatientWill</a><a name=\"BEPatientWill\"> </a></td><td style=\"vertical-align: top; text-align : left; background-color: white; border: 0px #F0F0F0 solid; padding:0px 4px 0px 4px\" class=\"hierarchy\"/><td style=\"vertical-align: top; text-align : left; background-color: white; border: 0px #F0F0F0 solid; padding:0px 4px 0px 4px\" class=\"hierarchy\">0..*</td><td style=\"vertical-align: top; text-align : left; background-color: white; border: 0px #F0F0F0 solid; padding:0px 4px 0px 4px\" class=\"hierarchy\"><a href=\"http://hl7.org/fhir/R4/resource.html\">Resource</a></td><td style=\"vertical-align: top; text-align : left; background-color: white; border: 0px #F0F0F0 solid; padding:0px 4px 0px 4px\" class=\"hierarchy\">A patient will (a single entry in the patient will) - an individual statement of permission or refusal for care-related activities such as live organ donation, resuscitation, etc.<br/></td></tr>\r\n<tr style=\"border: 0px #F0F0F0 solid; padding:0px; vertical-align: top; background-color: #F7F7F7\"><td style=\"vertical-align: top; text-align : left; background-color: #F7F7F7; border: 0px #F0F0F0 solid; padding:0px 4px 0px 4px; white-space: nowrap; background-image: url(tbl_bck10.png)\" class=\"hierarchy\"><img src=\"tbl_spacer.png\" alt=\".\" style=\"background-color: inherit\" class=\"hierarchy\"/><img src=\"tbl_vjoin.png\" alt=\".\" style=\"background-color: inherit\" class=\"hierarchy\"/><img src=\"icon_datatype.gif\" alt=\".\" style=\"background-color: #F7F7F7; background-color: inherit\" title=\"Data Type\" class=\"hierarchy\"/> <a href=\"StructureDefinition-be-model-patientwill-definitions.html#BEPatientWill.identifier\" title=\"The business identifier(s) for the patient will entry - This is an optional attribute, used for example to track an entry throughout its lifecycle, or across vaults.\">identifier</a><a name=\"BEPatientWill.identifier\"> </a></td><td style=\"vertical-align: top; text-align : left; background-color: #F7F7F7; border: 0px #F0F0F0 solid; padding:0px 4px 0px 4px\" class=\"hierarchy\"/><td style=\"vertical-align: top; text-align : left; background-color: #F7F7F7; border: 0px #F0F0F0 solid; padding:0px 4px 0px 4px\" class=\"hierarchy\">0..1</td><td style=\"vertical-align: top; text-align : left; background-color: #F7F7F7; border: 0px #F0F0F0 solid; padding:0px 4px 0px 4px\" class=\"hierarchy\"><a href=\"http://hl7.org/fhir/R4/datatypes.html#Identifier\">Identifier</a></td><td style=\"vertical-align: top; text-align : left; background-color: #F7F7F7; border: 0px #F0F0F0 solid; padding:0px 4px 0px 4px\" class=\"hierarchy\">The business identifier(s) for the Patient will assertion</td></tr>\r\n<tr style=\"border: 0px #F0F0F0 solid; padding:0px; vertical-align: top; background-color: white\"><td style=\"vertical-align: top; text-align : left; background-color: white; border: 0px #F0F0F0 solid; padding:0px 4px 0px 4px; white-space: nowrap; background-image: url(tbl_bck10.png)\" class=\"hierarchy\"><img src=\"tbl_spacer.png\" alt=\".\" style=\"background-color: inherit\" class=\"hierarchy\"/><img src=\"tbl_vjoin.png\" alt=\".\" style=\"background-color: inherit\" class=\"hierarchy\"/><img src=\"icon_primitive.png\" alt=\".\" style=\"background-color: white; background-color: inherit\" title=\"Primitive Data Type\" class=\"hierarchy\"/> <a href=\"StructureDefinition-be-model-patientwill-definitions.html#BEPatientWill.status\" title=\"The status of a patient's will\">status</a><a name=\"BEPatientWill.status\"> </a></td><td style=\"vertical-align: top; text-align : left; background-color: white; border: 0px #F0F0F0 solid; padding:0px 4px 0px 4px\" class=\"hierarchy\"/><td style=\"vertical-align: top; text-align : left; background-color: white; border: 0px #F0F0F0 solid; padding:0px 4px 0px 4px\" class=\"hierarchy\">1..1</td><td style=\"vertical-align: top; text-align : left; background-color: white; border: 0px #F0F0F0 solid; padding:0px 4px 0px 4px\" class=\"hierarchy\"><a href=\"http://hl7.org/fhir/R4/datatypes.html#code\" title=\"code\">code</a></td><td style=\"vertical-align: top; text-align : left; background-color: white; border: 0px #F0F0F0 solid; padding:0px 4px 0px 4px\" class=\"hierarchy\">The status of the patient's will<br/><span style=\"font-weight:bold\">Binding: </span><a href=\"http://hl7.org/fhir/R4/valueset-consent-state-codes.html\">ConsentState</a> (<a href=\"http://hl7.org/fhir/R4/terminologies.html#required\" title=\"To be conformant, the concept in this element SHALL be from the specified value set.\">required</a>)</td></tr>\r\n<tr style=\"border: 0px #F0F0F0 solid; padding:0px; vertical-align: top; background-color: #F7F7F7\"><td style=\"vertical-align: top; text-align : left; background-color: #F7F7F7; border: 0px #F0F0F0 solid; padding:0px 4px 0px 4px; white-space: nowrap; background-image: url(tbl_bck10.png)\" class=\"hierarchy\"><img src=\"tbl_spacer.png\" alt=\".\" style=\"background-color: inherit\" class=\"hierarchy\"/><img src=\"tbl_vjoin.png\" alt=\".\" style=\"background-color: inherit\" class=\"hierarchy\"/><img src=\"icon_primitive.png\" alt=\".\" style=\"background-color: #F7F7F7; background-color: inherit\" title=\"Primitive Data Type\" class=\"hierarchy\"/> <a href=\"StructureDefinition-be-model-patientwill-definitions.html#BEPatientWill.dateTime\" title=\"The date and/or time when the patient will has been declared - for example if this captures a physical document that was sgined by a patient on a given date, this element would correspond with that date\">dateTime</a><a name=\"BEPatientWill.dateTime\"> </a></td><td style=\"vertical-align: top; text-align : left; background-color: #F7F7F7; border: 0px #F0F0F0 solid; padding:0px 4px 0px 4px\" class=\"hierarchy\"/><td style=\"vertical-align: top; text-align : left; background-color: #F7F7F7; border: 0px #F0F0F0 solid; padding:0px 4px 0px 4px\" class=\"hierarchy\">1..1</td><td style=\"vertical-align: top; text-align : left; background-color: #F7F7F7; border: 0px #F0F0F0 solid; padding:0px 4px 0px 4px\" class=\"hierarchy\"><a href=\"http://hl7.org/fhir/R4/datatypes.html#dateTime\" title=\"dateTime\">dateTime</a></td><td style=\"vertical-align: top; text-align : left; background-color: #F7F7F7; border: 0px #F0F0F0 solid; padding:0px 4px 0px 4px\" class=\"hierarchy\">The dateTime when the patient will has been declared</td></tr>\r\n<tr style=\"border: 0px #F0F0F0 solid; padding:0px; vertical-align: top; background-color: white\"><td style=\"vertical-align: top; text-align : left; background-color: white; border: 0px #F0F0F0 solid; padding:0px 4px 0px 4px; white-space: nowrap; background-image: url(tbl_bck10.png)\" class=\"hierarchy\"><img src=\"tbl_spacer.png\" alt=\".\" style=\"background-color: inherit\" class=\"hierarchy\"/><img src=\"tbl_vjoin.png\" alt=\".\" style=\"background-color: inherit\" class=\"hierarchy\"/><img src=\"icon_reference.png\" alt=\".\" style=\"background-color: white; background-color: inherit\" title=\"Reference to another Resource\" class=\"hierarchy\"/> <a href=\"StructureDefinition-be-model-patientwill-definitions.html#BEPatientWill.reporter\" title=\"The healthcare professional who takes responsibility for collecting content.\">reporter</a><a name=\"BEPatientWill.reporter\"> </a></td><td style=\"vertical-align: top; text-align : left; background-color: white; border: 0px #F0F0F0 solid; padding:0px 4px 0px 4px\" class=\"hierarchy\"/><td style=\"vertical-align: top; text-align : left; background-color: white; border: 0px #F0F0F0 solid; padding:0px 4px 0px 4px\" class=\"hierarchy\">1..1</td><td style=\"vertical-align: top; text-align : left; background-color: white; border: 0px #F0F0F0 solid; padding:0px 4px 0px 4px\" class=\"hierarchy\"><a href=\"http://hl7.org/fhir/R4/references.html\">Reference</a>(<a href=\"StructureDefinition-be-practitioner.html\">BePractitioner</a>)</td><td style=\"vertical-align: top; text-align : left; background-color: white; border: 0px #F0F0F0 solid; padding:0px 4px 0px 4px\" class=\"hierarchy\">The professional that registered the patient will</td></tr>\r\n<tr style=\"border: 0px #F0F0F0 solid; padding:0px; vertical-align: top; background-color: #F7F7F7\"><td style=\"vertical-align: top; text-align : left; background-color: #F7F7F7; border: 0px #F0F0F0 solid; padding:0px 4px 0px 4px; white-space: nowrap; background-image: url(tbl_bck10.png)\" class=\"hierarchy\"><img src=\"tbl_spacer.png\" alt=\".\" style=\"background-color: inherit\" class=\"hierarchy\"/><img src=\"tbl_vjoin.png\" alt=\".\" style=\"background-color: inherit\" class=\"hierarchy\"/><img src=\"icon_reference.png\" alt=\".\" style=\"background-color: #F7F7F7; background-color: inherit\" title=\"Reference to another Resource\" class=\"hierarchy\"/> <a href=\"StructureDefinition-be-model-patientwill-definitions.html#BEPatientWill.patient\" title=\"The subject of the patient will.\">patient</a><a name=\"BEPatientWill.patient\"> </a></td><td style=\"vertical-align: top; text-align : left; background-color: #F7F7F7; border: 0px #F0F0F0 solid; padding:0px 4px 0px 4px\" class=\"hierarchy\"/><td style=\"vertical-align: top; text-align : left; background-color: #F7F7F7; border: 0px #F0F0F0 solid; padding:0px 4px 0px 4px\" class=\"hierarchy\">1..1</td><td style=\"vertical-align: top; text-align : left; background-color: #F7F7F7; border: 0px #F0F0F0 solid; padding:0px 4px 0px 4px\" class=\"hierarchy\"><a href=\"http://hl7.org/fhir/R4/references.html\">Reference</a>(<a href=\"StructureDefinition-be-patient.html\">BePatient</a>)</td><td style=\"vertical-align: top; text-align : left; background-color: #F7F7F7; border: 0px #F0F0F0 solid; padding:0px 4px 0px 4px\" class=\"hierarchy\">The subject of the patient will.</td></tr>\r\n<tr style=\"border: 0px #F0F0F0 solid; padding:0px; vertical-align: top; background-color: white\"><td style=\"vertical-align: top; text-align : left; background-color: white; border: 0px #F0F0F0 solid; padding:0px 4px 0px 4px; white-space: nowrap; background-image: url(tbl_bck10.png)\" class=\"hierarchy\"><img src=\"tbl_spacer.png\" alt=\".\" style=\"background-color: inherit\" class=\"hierarchy\"/><img src=\"tbl_vjoin.png\" alt=\".\" style=\"background-color: inherit\" class=\"hierarchy\"/><img src=\"icon_datatype.gif\" alt=\".\" style=\"background-color: white; background-color: inherit\" title=\"Data Type\" class=\"hierarchy\"/> <a href=\"StructureDefinition-be-model-patientwill-definitions.html#BEPatientWill.source\" title=\"Supporting evidence for the patient will (e.g. a paper signed by the patient to refuse a specific treatment)\">source</a><a name=\"BEPatientWill.source\"> </a></td><td style=\"vertical-align: top; text-align : left; background-color: white; border: 0px #F0F0F0 solid; padding:0px 4px 0px 4px\" class=\"hierarchy\"/><td style=\"vertical-align: top; text-align : left; background-color: white; border: 0px #F0F0F0 solid; padding:0px 4px 0px 4px\" class=\"hierarchy\">0..1</td><td style=\"vertical-align: top; text-align : left; background-color: white; border: 0px #F0F0F0 solid; padding:0px 4px 0px 4px\" class=\"hierarchy\"><a href=\"http://hl7.org/fhir/R4/datatypes.html#Attachment\" title=\"Attachment\">Attachment</a></td><td style=\"vertical-align: top; text-align : left; background-color: white; border: 0px #F0F0F0 solid; padding:0px 4px 0px 4px\" class=\"hierarchy\">The evidence used to support the patient will.</td></tr>\r\n<tr style=\"border: 0px #F0F0F0 solid; padding:0px; vertical-align: top; background-color: #F7F7F7\"><td style=\"vertical-align: top; text-align : left; background-color: #F7F7F7; border: 0px #F0F0F0 solid; padding:0px 4px 0px 4px; white-space: nowrap; background-image: url(tbl_bck01.png)\" class=\"hierarchy\"><img src=\"tbl_spacer.png\" alt=\".\" style=\"background-color: inherit\" class=\"hierarchy\"/><img src=\"tbl_vjoin_end.png\" alt=\".\" style=\"background-color: inherit\" class=\"hierarchy\"/><img src=\"icon_datatype.gif\" alt=\".\" style=\"background-color: #F7F7F7; background-color: inherit\" title=\"Data Type\" class=\"hierarchy\"/> <a href=\"StructureDefinition-be-model-patientwill-definitions.html#BEPatientWill.directive\" title=\"The patient will directive\">directive</a><a name=\"BEPatientWill.directive\"> </a></td><td style=\"vertical-align: top; text-align : left; background-color: #F7F7F7; border: 0px #F0F0F0 solid; padding:0px 4px 0px 4px\" class=\"hierarchy\"/><td style=\"vertical-align: top; text-align : left; background-color: #F7F7F7; border: 0px #F0F0F0 solid; padding:0px 4px 0px 4px\" class=\"hierarchy\">1..1</td><td style=\"vertical-align: top; text-align : left; background-color: #F7F7F7; border: 0px #F0F0F0 solid; padding:0px 4px 0px 4px\" class=\"hierarchy\"><a href=\"http://hl7.org/fhir/R4/datatypes.html#BackboneElement\">BackboneElement</a></td><td style=\"vertical-align: top; text-align : left; background-color: #F7F7F7; border: 0px #F0F0F0 solid; padding:0px 4px 0px 4px\" class=\"hierarchy\">The actual directive in the will</td></tr>\r\n<tr style=\"border: 0px #F0F0F0 solid; padding:0px; vertical-align: top; background-color: white\"><td style=\"vertical-align: top; text-align : left; background-color: white; border: 0px #F0F0F0 solid; padding:0px 4px 0px 4px; white-space: nowrap; background-image: url(tbl_bck010.png)\" class=\"hierarchy\"><img src=\"tbl_spacer.png\" alt=\".\" style=\"background-color: inherit\" class=\"hierarchy\"/><img src=\"tbl_blank.png\" alt=\".\" style=\"background-color: inherit\" class=\"hierarchy\"/><img src=\"tbl_vjoin.png\" alt=\".\" style=\"background-color: inherit\" class=\"hierarchy\"/><img src=\"icon_datatype.gif\" alt=\".\" style=\"background-color: white; background-color: inherit\" title=\"Data Type\" class=\"hierarchy\"/> <a href=\"StructureDefinition-be-model-patientwill-definitions.html#BEPatientWill.directive.action\" title=\"The detailed patient will directive (e.g. no hospitalization, bloodtransfusion refusal) (Valueset will be delivered by a working group of NIHDI)\">action</a><a name=\"BEPatientWill.directive.action\"> </a></td><td style=\"vertical-align: top; text-align : left; background-color: white; border: 0px #F0F0F0 solid; padding:0px 4px 0px 4px\" class=\"hierarchy\"/><td style=\"vertical-align: top; text-align : left; background-color: white; border: 0px #F0F0F0 solid; padding:0px 4px 0px 4px\" class=\"hierarchy\">1..1</td><td style=\"vertical-align: top; text-align : left; background-color: white; border: 0px #F0F0F0 solid; padding:0px 4px 0px 4px\" class=\"hierarchy\"><a href=\"http://hl7.org/fhir/R4/datatypes.html#CodeableConcept\" title=\"CodeableConcept\">CodeableConcept</a></td><td style=\"vertical-align: top; text-align : left; background-color: white; border: 0px #F0F0F0 solid; padding:0px 4px 0px 4px\" class=\"hierarchy\">The actual directive in the will</td></tr>\r\n<tr style=\"border: 0px #F0F0F0 solid; padding:0px; vertical-align: top; background-color: #F7F7F7\"><td style=\"vertical-align: top; text-align : left; background-color: #F7F7F7; border: 0px #F0F0F0 solid; padding:0px 4px 0px 4px; white-space: nowrap; background-image: url(tbl_bck010.png)\" class=\"hierarchy\"><img src=\"tbl_spacer.png\" alt=\".\" style=\"background-color: inherit\" class=\"hierarchy\"/><img src=\"tbl_blank.png\" alt=\".\" style=\"background-color: inherit\" class=\"hierarchy\"/><img src=\"tbl_vjoin.png\" alt=\".\" style=\"background-color: inherit\" class=\"hierarchy\"/><img src=\"icon_datatype.gif\" alt=\".\" style=\"background-color: #F7F7F7; background-color: inherit\" title=\"Data Type\" class=\"hierarchy\"/> <a href=\"StructureDefinition-be-model-patientwill-definitions.html#BEPatientWill.directive.type\" title=\"Whether the patient will action is explicitly permitted or explicitly denied\">type</a><a name=\"BEPatientWill.directive.type\"> </a></td><td style=\"vertical-align: top; text-align : left; background-color: #F7F7F7; border: 0px #F0F0F0 solid; padding:0px 4px 0px 4px\" class=\"hierarchy\"/><td style=\"vertical-align: top; text-align : left; background-color: #F7F7F7; border: 0px #F0F0F0 solid; padding:0px 4px 0px 4px\" class=\"hierarchy\">1..1</td><td style=\"vertical-align: top; text-align : left; background-color: #F7F7F7; border: 0px #F0F0F0 solid; padding:0px 4px 0px 4px\" class=\"hierarchy\"><a href=\"http://hl7.org/fhir/R4/datatypes.html#CodeableConcept\" title=\"CodeableConcept\">CodeableConcept</a></td><td style=\"vertical-align: top; text-align : left; background-color: #F7F7F7; border: 0px #F0F0F0 solid; padding:0px 4px 0px 4px\" class=\"hierarchy\">permit | deny</td></tr>\r\n<tr style=\"border: 0px #F0F0F0 solid; padding:0px; vertical-align: top; background-color: white\"><td style=\"vertical-align: top; text-align : left; background-color: white; border: 0px #F0F0F0 solid; padding:0px 4px 0px 4px; white-space: nowrap; background-image: url(tbl_bck010.png)\" class=\"hierarchy\"><img src=\"tbl_spacer.png\" alt=\".\" style=\"background-color: inherit\" class=\"hierarchy\"/><img src=\"tbl_blank.png\" alt=\".\" style=\"background-color: inherit\" class=\"hierarchy\"/><img src=\"tbl_vjoin.png\" alt=\".\" style=\"background-color: inherit\" class=\"hierarchy\"/><img src=\"icon_datatype.gif\" alt=\".\" style=\"background-color: white; background-color: inherit\" title=\"Data Type\" class=\"hierarchy\"/> <a href=\"StructureDefinition-be-model-patientwill-definitions.html#BEPatientWill.directive.category\" title=\"The main types of patient will\">category</a><a name=\"BEPatientWill.directive.category\"> </a></td><td style=\"vertical-align: top; text-align : left; background-color: white; border: 0px #F0F0F0 solid; padding:0px 4px 0px 4px\" class=\"hierarchy\"/><td style=\"vertical-align: top; text-align : left; background-color: white; border: 0px #F0F0F0 solid; padding:0px 4px 0px 4px\" class=\"hierarchy\">0..1</td><td style=\"vertical-align: top; text-align : left; background-color: white; border: 0px #F0F0F0 solid; padding:0px 4px 0px 4px\" class=\"hierarchy\"><a href=\"http://hl7.org/fhir/R4/datatypes.html#CodeableConcept\" title=\"CodeableConcept\">CodeableConcept</a></td><td style=\"vertical-align: top; text-align : left; background-color: white; border: 0px #F0F0F0 solid; padding:0px 4px 0px 4px\" class=\"hierarchy\">The category or the patient will directive<br/><span style=\"font-weight:bold\">Binding: </span><a href=\"http://hl7.org/fhir/R4/valueset-consent-category.html\">ConsentCategoryCodes</a> (<a href=\"http://hl7.org/fhir/R4/terminologies.html#extensible\" title=\"To be conformant, the concept in this element SHALL be from the specified value set if any of the codes within the value set can apply to the concept being communicated.  If the value set does not cover the concept (based on human review), alternate codings (or, data type allowing, text) may be included instead.\">extensible</a>)</td></tr>\r\n<tr style=\"border: 0px #F0F0F0 solid; padding:0px; vertical-align: top; background-color: #F7F7F7\"><td style=\"vertical-align: top; text-align : left; background-color: #F7F7F7; border: 0px #F0F0F0 solid; padding:0px 4px 0px 4px; white-space: nowrap; background-image: url(tbl_bck001.png)\" class=\"hierarchy\"><img src=\"tbl_spacer.png\" alt=\".\" style=\"background-color: inherit\" class=\"hierarchy\"/><img src=\"tbl_blank.png\" alt=\".\" style=\"background-color: inherit\" class=\"hierarchy\"/><img src=\"tbl_vjoin_end.png\" alt=\".\" style=\"background-color: inherit\" class=\"hierarchy\"/><img src=\"icon_datatype.gif\" alt=\".\" style=\"background-color: #F7F7F7; background-color: inherit\" title=\"Data Type\" class=\"hierarchy\"/> <a href=\"StructureDefinition-be-model-patientwill-definitions.html#BEPatientWill.directive.effectiveTime\" title=\"The period of validity for the patient will directive\">effectiveTime</a><a name=\"BEPatientWill.directive.effectiveTime\"> </a></td><td style=\"vertical-align: top; text-align : left; background-color: #F7F7F7; border: 0px #F0F0F0 solid; padding:0px 4px 0px 4px\" class=\"hierarchy\"/><td style=\"vertical-align: top; text-align : left; background-color: #F7F7F7; border: 0px #F0F0F0 solid; padding:0px 4px 0px 4px\" class=\"hierarchy\">1..1</td><td style=\"vertical-align: top; text-align : left; background-color: #F7F7F7; border: 0px #F0F0F0 solid; padding:0px 4px 0px 4px\" class=\"hierarchy\"><a href=\"http://hl7.org/fhir/R4/datatypes.html#BackboneElement\">BackboneElement</a></td><td style=\"vertical-align: top; text-align : left; background-color: #F7F7F7; border: 0px #F0F0F0 solid; padding:0px 4px 0px 4px\" class=\"hierarchy\">The period of validity for the patient will directive</td></tr>\r\n<tr style=\"border: 0px #F0F0F0 solid; padding:0px; vertical-align: top; background-color: white\"><td style=\"vertical-align: top; text-align : left; background-color: white; border: 0px #F0F0F0 solid; padding:0px 4px 0px 4px; white-space: nowrap; background-image: url(tbl_bck0010.png)\" class=\"hierarchy\"><img src=\"tbl_spacer.png\" alt=\".\" style=\"background-color: inherit\" class=\"hierarchy\"/><img src=\"tbl_blank.png\" alt=\".\" style=\"background-color: inherit\" class=\"hierarchy\"/><img src=\"tbl_blank.png\" alt=\".\" style=\"background-color: inherit\" class=\"hierarchy\"/><img src=\"tbl_vjoin.png\" alt=\".\" style=\"background-color: inherit\" class=\"hierarchy\"/><img src=\"icon_datatype.gif\" alt=\".\" style=\"background-color: white; background-color: inherit\" title=\"Data Type\" class=\"hierarchy\"/> <a href=\"StructureDefinition-be-model-patientwill-definitions.html#BEPatientWill.directive.effectiveTime.period\" title=\"The time period of validity for the patient will directive\">period</a><a name=\"BEPatientWill.directive.effectiveTime.period\"> </a></td><td style=\"vertical-align: top; text-align : left; background-color: white; border: 0px #F0F0F0 solid; padding:0px 4px 0px 4px\" class=\"hierarchy\"/><td style=\"vertical-align: top; text-align : left; background-color: white; border: 0px #F0F0F0 solid; padding:0px 4px 0px 4px\" class=\"hierarchy\">0..1</td><td style=\"vertical-align: top; text-align : left; background-color: white; border: 0px #F0F0F0 solid; padding:0px 4px 0px 4px\" class=\"hierarchy\"><a href=\"http://hl7.org/fhir/R4/datatypes.html#Period\" title=\"Period\">Period</a></td><td style=\"vertical-align: top; text-align : left; background-color: white; border: 0px #F0F0F0 solid; padding:0px 4px 0px 4px\" class=\"hierarchy\">The time period of validity for the patient will directive</td></tr>\r\n<tr style=\"border: 0px #F0F0F0 solid; padding:0px; vertical-align: top; background-color: #F7F7F7\"><td style=\"vertical-align: top; text-align : left; background-color: #F7F7F7; border: 0px #F0F0F0 solid; padding:0px 4px 0px 4px; white-space: nowrap; background-image: url(tbl_bck0000.png)\" class=\"hierarchy\"><img src=\"tbl_spacer.png\" alt=\".\" style=\"background-color: inherit\" class=\"hierarchy\"/><img src=\"tbl_blank.png\" alt=\".\" style=\"background-color: inherit\" class=\"hierarchy\"/><img src=\"tbl_blank.png\" alt=\".\" style=\"background-color: inherit\" class=\"hierarchy\"/><img src=\"tbl_vjoin_end.png\" alt=\".\" style=\"background-color: inherit\" class=\"hierarchy\"/><img src=\"icon_datatype.gif\" alt=\".\" style=\"background-color: #F7F7F7; background-color: inherit\" title=\"Data Type\" class=\"hierarchy\"/> <a href=\"StructureDefinition-be-model-patientwill-definitions.html#BEPatientWill.directive.effectiveTime.time\" title=\"A free-text or coded indication of the period of validity for the patient will directive - e.g. until recovery, 5 years after death..\">time</a><a name=\"BEPatientWill.directive.effectiveTime.time\"> </a></td><td style=\"vertical-align: top; text-align : left; background-color: #F7F7F7; border: 0px #F0F0F0 solid; padding:0px 4px 0px 4px\" class=\"hierarchy\"/><td style=\"vertical-align: top; text-align : left; background-color: #F7F7F7; border: 0px #F0F0F0 solid; padding:0px 4px 0px 4px\" class=\"hierarchy\">0..1</td><td style=\"vertical-align: top; text-align : left; background-color: #F7F7F7; border: 0px #F0F0F0 solid; padding:0px 4px 0px 4px\" class=\"hierarchy\"><a href=\"http://hl7.org/fhir/R4/datatypes.html#CodeableConcept\">CodeableConcept</a></td><td style=\"vertical-align: top; text-align : left; background-color: #F7F7F7; border: 0px #F0F0F0 solid; padding:0px 4px 0px 4px\" class=\"hierarchy\">A free-text or coded indication of the period of validity for the patient will directive</td></tr>\r\n<tr><td colspan=\"5\" class=\"hierarchy\"><br/><a href=\"http://hl7.org/fhir/R4/formats.html#table\" title=\"Legend for this format\"><img src=\"http://hl7.org/fhir/R4/help16.png\" alt=\"doco\" style=\"background-color: inherit\"/> Documentation for this format</a></td></tr></table></div>"},"url":"https://www.hl7belgium.org/fhir/StructureDefinition/be-model-patientwill","version":"0.1.0","name":"BEPatientWill","status":"draft","date":"2021-06-15T23:21:31+00:00","publisher":"RIZIV-INAMI","contact":[{"telecom":[{"system":"url","value":"http://somewhere.org"}]}],"description":"This is the logical model of the patient will for a patient - in fact, each entry of the patient's will assertions. The patient will consists of several entries as modeled here. Initially based on the input of the NIHDI.\r\nThe Belgian federal profile for a patient will ONLY in the context of the patient will in the context of limitations to treatment, DNR etc. Initially based on the functional description of the NIHDI. This might in the future be also used to record agreement to participate in clinical trials etc. Any use case around informed consent or data sharing is out of scope for this logical model.","jurisdiction":[{"coding":[{"system":"http://unstats.un.org/unsd/methods/m49/m49.htm","code":"056"},{"system":"urn:iso:std:iso:3166","code":"BE"}]}],"fhirVersion":"4.0.1","mapping":[{"identity":"rim","uri":"http://hl7.org/v3","name":"RIM Mapping"}],"kind":"logical","abstract":false,"type":"BEPatientWill","baseDefinition":"http://hl7.org/fhir/StructureDefinition/Resource","derivation":"specialization","snapshot":{"element":[{"id":"BEPatientWill","path":"BEPatientWill","short":"A patient will (a single entry in the patient will) - an individual statement of permission or refusal for care-related activities such as live organ donation, resuscitation, etc.","definition":"A patient will (a single entry in the patient will) - an individual statement of permission or refusal for care-related activities such as live organ donation, resuscitation, etc.","min":0,"max":"*","base":{"path":"Resource","min":0,"max":"*"},"isModifier":false,"isSummary":false,"mapping":[{"identity":"rim","map":"Entity. Role, or Act"}]},{"id":"BEPatientWill.id","path":"BEPatientWill.id","short":"Logical id of this artifact","definition":"The logical id of the resource, as used in the URL for the resource. Once assigned, this value never changes.","comment":"The only time that a resource does not have an id is when it is being submitted to the server using a create operation.","min":0,"max":"1","base":{"path":"Resource.id","min":0,"max":"1"},"type":[{"extension":[{"url":"http://hl7.org/fhir/StructureDefinition/structuredefinition-fhir-type","valueUrl":"string"}],"code":"http://hl7.org/fhirpath/System.String"}],"isModifier":false,"isSummary":true},{"id":"BEPatientWill.meta","path":"BEPatientWill.meta","short":"Metadata about the resource","definition":"The metadata about the resource. This is content that is maintained by the infrastructure. Changes to the content might not always be associated with version changes to the resource.","min":0,"max":"1","base":{"path":"Resource.meta","min":0,"max":"1"},"type":[{"code":"Meta"}],"constraint":[{"key":"ele-1","severity":"error","human":"All FHIR elements must have a @value or children","expression":"hasValue() or (children().count() > id.count())","xpath":"@value|f:*|h:div","source":"http://hl7.org/fhir/StructureDefinition/Element"}],"isModifier":false,"isSummary":true},{"id":"BEPatientWill.implicitRules","path":"BEPatientWill.implicitRules","short":"A set of rules under which this content was created","definition":"A reference to a set of rules that were followed when the resource was constructed, and which must be understood when processing the content. Often, this is a reference to an implementation guide that defines the special rules along with other profiles etc.","comment":"Asserting this rule set restricts the content to be only understood by a limited set of trading partners. This inherently limits the usefulness of the data in the long term. However, the existing health eco-system is highly fractured, and not yet ready to define, collect, and exchange data in a generally computable sense. Wherever possible, implementers and/or specification writers should avoid using this element. Often, when used, the URL is a reference to an implementation guide that defines these special rules as part of it's narrative along with other profiles, value sets, etc.","min":0,"max":"1","base":{"path":"Resource.implicitRules","min":0,"max":"1"},"type":[{"code":"uri"}],"constraint":[{"key":"ele-1","severity":"error","human":"All FHIR elements must have a @value or children","expression":"hasValue() or (children().count() > id.count())","xpath":"@value|f:*|h:div","source":"http://hl7.org/fhir/StructureDefinition/Element"}],"isModifier":true,"isModifierReason":"This element is labeled as a modifier because the implicit rules may provide additional knowledge about the resource that modifies it's meaning or interpretation","isSummary":true},{"id":"BEPatientWill.language","path":"BEPatientWill.language","short":"Language of the resource content","definition":"The base language in which the resource is written.","comment":"Language is provided to support indexing and accessibility (typically, services such as text to speech use the language tag). The html language tag in the narrative applies  to the narrative. The language tag on the resource may be used to specify the language of other presentations generated from the data in the resource. Not all the content has to be in the base language. The Resource.language should not be assumed to apply to the narrative automatically. If a language is specified, it should it also be specified on the div element in the html (see rules in HTML5 for information about the relationship between xml:lang and the html lang attribute).","min":0,"max":"1","base":{"path":"Resource.language","min":0,"max":"1"},"type":[{"code":"code"}],"constraint":[{"key":"ele-1","severity":"error","human":"All FHIR elements must have a @value or children","expression":"hasValue() or (children().count() > id.count())","xpath":"@value|f:*|h:div","source":"http://hl7.org/fhir/StructureDefinition/Element"}],"isModifier":false,"isSummary":false,"binding":{"extension":[{"url":"http://hl7.org/fhir/StructureDefinition/elementdefinition-maxValueSet","valueCanonical":"http://hl7.org/fhir/ValueSet/all-languages"},{"url":"http://hl7.org/fhir/StructureDefinition/elementdefinition-bindingName","valueString":"Language"},{"url":"http://hl7.org/fhir/StructureDefinition/elementdefinition-isCommonBinding","valueBoolean":true}],"strength":"preferred","description":"A human language.","valueSet":"http://hl7.org/fhir/ValueSet/languages"}},{"id":"BEPatientWill.identifier","path":"BEPatientWill.identifier","short":"The business identifier(s) for the Patient will assertion","definition":"The business identifier(s) for the patient will entry - This is an optional attribute, used for example to track an entry throughout its lifecycle, or across vaults.","min":0,"max":"1","base":{"path":"BEPatientWill.identifier","min":0,"max":"1"},"type":[{"code":"Identifier"}]},{"id":"BEPatientWill.status","path":"BEPatientWill.status","short":"The status of the patient's will","definition":"The status of a patient's will","min":1,"max":"1","base":{"path":"BEPatientWill.status","min":1,"max":"1"},"type":[{"code":"code","profile":["http://hl7.org/fhir/StructureDefinition/code"]}],"binding":{"strength":"required","valueSet":"http://hl7.org/fhir/ValueSet/consent-state-codes"}},{"id":"BEPatientWill.dateTime","path":"BEPatientWill.dateTime","short":"The dateTime when the patient will has been declared","definition":"The date and/or time when the patient will has been declared - for example if this captures a physical document that was sgined by a patient on a given date, this element would correspond with that date","min":1,"max":"1","base":{"path":"BEPatientWill.dateTime","min":1,"max":"1"},"type":[{"code":"dateTime","profile":["http://hl7.org/fhir/StructureDefinition/dateTime"]}]},{"id":"BEPatientWill.reporter","path":"BEPatientWill.reporter","short":"The professional that registered the patient will","definition":"The healthcare professional who takes responsibility for collecting content.","min":1,"max":"1","base":{"path":"BEPatientWill.reporter","min":1,"max":"1"},"type":[{"code":"Reference","targetProfile":["https://www.ehealth.fgov.be/standards/fhir/StructureDefinition/be-practitioner"]}]},{"id":"BEPatientWill.patient","path":"BEPatientWill.patient","short":"The subject of the patient will.","definition":"The subject of the patient will.","min":1,"max":"1","base":{"path":"BEPatientWill.patient","min":1,"max":"1"},"type":[{"code":"Reference","targetProfile":["https://www.ehealth.fgov.be/standards/fhir/StructureDefinition/be-patient"]}]},{"id":"BEPatientWill.source","path":"BEPatientWill.source","short":"The evidence used to support the patient will.","definition":"Supporting evidence for the patient will (e.g. a paper signed by the patient to refuse a specific treatment)","min":0,"max":"1","base":{"path":"BEPatientWill.source","min":0,"max":"1"},"type":[{"code":"Attachment","profile":["http://hl7.org/fhir/StructureDefinition/Attachment"]}]},{"id":"BEPatientWill.directive","path":"BEPatientWill.directive","short":"The actual directive in the will","definition":"The patient will directive","min":1,"max":"1","base":{"path":"BEPatientWill.directive","min":1,"max":"1"},"type":[{"code":"BackboneElement"}]},{"id":"BEPatientWill.directive.action","path":"BEPatientWill.directive.action","short":"The actual directive in the will","definition":"The detailed patient will directive (e.g. no hospitalization, bloodtransfusion refusal) (Valueset will be delivered by a working group of NIHDI)","min":1,"max":"1","base":{"path":"BEPatientWill.directive.action","min":1,"max":"1"},"type":[{"code":"CodeableConcept","profile":["http://hl7.org/fhir/StructureDefinition/CodeableConcept"]}]},{"id":"BEPatientWill.directive.type","path":"BEPatientWill.directive.type","short":"permit | deny","definition":"Whether the patient will action is explicitly permitted or explicitly denied","min":1,"max":"1","base":{"path":"BEPatientWill.directive.type","min":1,"max":"1"},"type":[{"code":"CodeableConcept","profile":["http://hl7.org/fhir/StructureDefinition/CodeableConcept"]}]},{"id":"BEPatientWill.directive.category","path":"BEPatientWill.directive.category","short":"The category or the patient will directive","definition":"The main types of patient will","min":0,"max":"1","base":{"path":"BEPatientWill.directive.category","min":0,"max":"1"},"type":[{"code":"CodeableConcept","profile":["http://hl7.org/fhir/StructureDefinition/CodeableConcept"]}],"binding":{"strength":"extensible","valueSet":"http://hl7.org/fhir/ValueSet/consent-category"}},{"id":"BEPatientWill.directive.effectiveTime","path":"BEPatientWill.directive.effectiveTime","short":"The period of validity for the patient will directive","definition":"The period of validity for the patient will directive","min":1,"max":"1","base":{"path":"BEPatientWill.directive.effectiveTime","min":1,"max":"1"},"type":[{"code":"BackboneElement"}]},{"id":"BEPatientWill.directive.effectiveTime.period","path":"BEPatientWill.directive.effectiveTime.period","short":"The time period of validity for the patient will directive","definition":"The time period of validity for the patient will directive","min":0,"max":"1","base":{"path":"BEPatientWill.directive.effectiveTime.period","min":0,"max":"1"},"type":[{"code":"Period","profile":["http://hl7.org/fhir/StructureDefinition/Period"]}]},{"id":"BEPatientWill.directive.effectiveTime.time","path":"BEPatientWill.directive.effectiveTime.time","short":"A free-text or coded indication of the period of validity for the patient will directive","definition":"A free-text or coded indication of the period of validity for the patient will directive - e.g. until recovery, 5 years after death..","min":0,"max":"1","base":{"path":"BEPatientWill.directive.effectiveTime.time","min":0,"max":"1"},"type":[{"code":"CodeableConcept"}]}]},"differential":{"element":[{"id":"BEPatientWill","path":"BEPatientWill","short":"A patient will (a single entry in the patient will) - an individual statement of permission or refusal for care-related activities such as live organ donation, resuscitation, etc.","definition":"A patient will (a single entry in the patient will) - an individual statement of permission or refusal for care-related activities such as live organ donation, resuscitation, etc.","min":0,"max":"*"},{"id":"BEPatientWill.identifier","path":"BEPatientWill.identifier","short":"The business identifier(s) for the Patient will assertion","definition":"The business identifier(s) for the patient will entry - This is an optional attribute, used for example to track an entry throughout its lifecycle, or across vaults.","min":0,"max":"1","type":[{"code":"Identifier"}]},{"id":"BEPatientWill.status","path":"BEPatientWill.status","short":"The status of the patient's will","definition":"The status of a patient's will","min":1,"max":"1","type":[{"code":"code","profile":["http://hl7.org/fhir/StructureDefinition/code"]}],"binding":{"strength":"required","valueSet":"http://hl7.org/fhir/ValueSet/consent-state-codes"}},{"id":"BEPatientWill.dateTime","path":"BEPatientWill.dateTime","short":"The dateTime when the patient will has been declared","definition":"The date and/or time when the patient will has been declared - for example if this captures a physical document that was sgined by a patient on a given date, this element would correspond with that date","min":1,"max":"1","type":[{"code":"dateTime","profile":["http://hl7.org/fhir/StructureDefinition/dateTime"]}]},{"id":"BEPatientWill.reporter","path":"BEPatientWill.reporter","short":"The professional that registered the patient will","definition":"The healthcare professional who takes responsibility for collecting content.","min":1,"max":"1","type":[{"code":"Reference","targetProfile":["https://www.ehealth.fgov.be/standards/fhir/StructureDefinition/be-practitioner"]}]},{"id":"BEPatientWill.patient","path":"BEPatientWill.patient","short":"The subject of the patient will.","definition":"The subject of the patient will.","min":1,"max":"1","type":[{"code":"Reference","targetProfile":["https://www.ehealth.fgov.be/standards/fhir/StructureDefinition/be-patient"]}]},{"id":"BEPatientWill.source","path":"BEPatientWill.source","short":"The evidence used to support the patient will.","definition":"Supporting evidence for the patient will (e.g. a paper signed by the patient to refuse a specific treatment)","min":0,"max":"1","type":[{"code":"Attachment","profile":["http://hl7.org/fhir/StructureDefinition/Attachment"]}]},{"id":"BEPatientWill.directive","path":"BEPatientWill.directive","short":"The actual directive in the will","definition":"The patient will directive","min":1,"max":"1","type":[{"code":"BackboneElement"}]},{"id":"BEPatientWill.directive.action","path":"BEPatientWill.directive.action","short":"The actual directive in the will","definition":"The detailed patient will directive (e.g. no hospitalization, bloodtransfusion refusal) (Valueset will be delivered by a working group of NIHDI)","min":1,"max":"1","type":[{"code":"CodeableConcept","profile":["http://hl7.org/fhir/StructureDefinition/CodeableConcept"]}]},{"id":"BEPatientWill.directive.type","path":"BEPatientWill.directive.type","short":"permit | deny","definition":"Whether the patient will action is explicitly permitted or explicitly denied","min":1,"max":"1","type":[{"code":"CodeableConcept","profile":["http://hl7.org/fhir/StructureDefinition/CodeableConcept"]}]},{"id":"BEPatientWill.directive.category","path":"BEPatientWill.directive.category","short":"The category or the patient will directive","definition":"The main types of patient will","min":0,"max":"1","type":[{"code":"CodeableConcept","profile":["http://hl7.org/fhir/StructureDefinition/CodeableConcept"]}],"binding":{"strength":"extensible","valueSet":"http://hl7.org/fhir/ValueSet/consent-category"}},{"id":"BEPatientWill.directive.effectiveTime","path":"BEPatientWill.directive.effectiveTime","short":"The period of validity for the patient will directive","definition":"The period of validity for the patient will directive","min":1,"max":"1","type":[{"code":"BackboneElement"}]},{"id":"BEPatientWill.directive.effectiveTime.period","path":"BEPatientWill.directive.effectiveTime.period","short":"The time period of validity for the patient will directive","definition":"The time period of validity for the patient will directive","min":0,"max":"1","type":[{"code":"Period","profile":["http://hl7.org/fhir/StructureDefinition/Period"]}]},{"id":"BEPatientWill.directive.effectiveTime.time","path":"BEPatientWill.directive.effectiveTime.time","short":"A free-text or coded indication of the period of validity for the patient will directive","definition":"A free-text or coded indication of the period of validity for the patient will directive - e.g. until recovery, 5 years after death..","min":0,"max":"1","type":[{"code":"CodeableConcept"}]}]}}