{
  "resourceType": "CodeSystem",
  "id": "be-cs-care-location",
  "text": {
    "status": "generated",
    "div": "<div xmlns=\"http://www.w3.org/1999/xhtml\"><p>This code system https://www.hl7belgium.org/fhir/CodeSystem/be-cs-care-location defines the following codes:</p><table class=\"codes\"><tr><td style=\"white-space:nowrap\"><b>Code</b></td><td><b>Display</b></td></tr><tr><td style=\"white-space:nowrap\">hospital<a name=\"be-cs-care-location-hospital\"> </a></td><td>Hospital</td></tr><tr><td style=\"white-space:nowrap\">patient-home<a name=\"be-cs-care-location-patient-home\"> </a></td><td>Patient home</td></tr><tr><td style=\"white-space:nowrap\">nursing-home<a name=\"be-cs-care-location-nursing-home\"> </a></td><td>Nursing home</td></tr><tr><td style=\"white-space:nowrap\">recovery-home<a name=\"be-cs-care-location-recovery-home\"> </a></td><td>Recovery home</td></tr><tr><td style=\"white-space:nowrap\">workplace<a name=\"be-cs-care-location-workplace\"> </a></td><td>Workplace</td></tr><tr><td style=\"white-space:nowrap\">medical-center<a name=\"be-cs-care-location-medical-center\"> </a></td><td>Medical center</td></tr><tr><td style=\"white-space:nowrap\">clinic<a name=\"be-cs-care-location-clinic\"> </a></td><td>Clinic</td></tr><tr><td style=\"white-space:nowrap\">pediatric-ic<a name=\"be-cs-care-location-pediatric-ic\"> </a></td><td>Pediatric ic</td></tr><tr><td style=\"white-space:nowrap\">neonatal-ic<a name=\"be-cs-care-location-neonatal-ic\"> </a></td><td>Neonatal ic</td></tr><tr><td style=\"white-space:nowrap\">prenatal-consult<a name=\"be-cs-care-location-prenatal-consult\"> </a></td><td>Prenatal consult</td></tr><tr><td style=\"white-space:nowrap\">m-accueil<a name=\"be-cs-care-location-m-accueil\"> </a></td><td>m-accueil</td></tr><tr><td style=\"white-space:nowrap\">child-consult<a name=\"be-cs-care-location-child-consult\"> </a></td><td>Child consult</td></tr><tr><td style=\"white-space:nowrap\">one<a name=\"be-cs-care-location-one\"> </a></td><td>ONE</td></tr><tr><td style=\"white-space:nowrap\">kind-gezin<a name=\"be-cs-care-location-kind-gezin\"> </a></td><td>Kind en gezin</td></tr><tr><td style=\"white-space:nowrap\">ambulance<a name=\"be-cs-care-location-ambulance\"> </a></td><td>Ambulance</td></tr><tr><td style=\"white-space:nowrap\">school<a name=\"be-cs-care-location-school\"> </a></td><td>School</td></tr><tr><td style=\"white-space:nowrap\">school-health-serv<a name=\"be-cs-care-location-school-health-serv\"> </a></td><td>School health services</td></tr><tr><td style=\"white-space:nowrap\">pharmacy<a name=\"be-cs-care-location-pharmacy\"> </a></td><td>Pharmacy</td></tr><tr><td style=\"white-space:nowrap\">med-monde<a name=\"be-cs-care-location-med-monde\"> </a></td><td>Med monde</td></tr><tr><td style=\"white-space:nowrap\">ngo<a name=\"be-cs-care-location-ngo\"> </a></td><td>Non-Governmental Organization</td></tr><tr><td style=\"white-space:nowrap\">family-planning<a name=\"be-cs-care-location-family-planning\"> </a></td><td>Family planning</td></tr><tr><td style=\"white-space:nowrap\">abroad<a name=\"be-cs-care-location-abroad\"> </a></td><td>Abroad</td></tr><tr><td style=\"white-space:nowrap\">other<a name=\"be-cs-care-location-other\"> </a></td><td>other</td></tr></table><p><b>Additional Language Displays</b></p><table class=\"codes\"><tr><td><b>Code</b></td><td><b>French (Belgium) (fr)</b></td><td><b>Nederlands (België) (Dutch (Belgium), nl)</b></td></tr><tr><td>hospital</td><td>A l’hôpital</td><td>Ziekenhuis</td></tr><tr><td>patient-home</td><td>A domicile</td><td>Thuis</td></tr><tr><td>nursing-home</td><td>En maison de repos</td><td>Rusthuis</td></tr><tr><td>recovery-home</td><td>En maison de revalidation</td><td>In huis van revalidatie</td></tr><tr><td>workplace</td><td>Au cabinet</td><td>In het kantoor</td></tr><tr><td>medical-center</td><td>En maison médicale</td><td>Medisch huis</td></tr><tr><td>clinic</td><td>A la clinique</td><td>Kliniek</td></tr><tr><td>pediatric-ic</td><td>En unité de soins intensive pédiatrique</td><td>Pediatrische intensive care</td></tr><tr><td>neonatal-ic</td><td>En unité de soins intensive pédiatrique néonatal</td><td>Neonatale pediatrische intensive care</td></tr><tr><td>prenatal-consult</td><td>Consultation prénatale</td><td>prenataal consult</td></tr><tr><td>m-accueil</td><td>Milieu d’accueil</td><td>kinderopvang</td></tr><tr><td>child-consult</td><td>Consultation pour enfant</td><td>kind consult</td></tr><tr><td>one</td><td>ONE</td><td>ONE</td></tr><tr><td>kind-gezin</td><td>Kind&amp;Gezin</td><td>Kind&amp;Gezin</td></tr><tr><td>ambulance</td><td>Ambulance</td><td>Ambulance</td></tr><tr><td>school</td><td>A l’école</td><td>School</td></tr><tr><td>school-health-serv</td><td>services de santé scolaire</td><td>gezondheidsdiensten op school</td></tr><tr><td>pharmacy</td><td>Pharmacie</td><td>Apotheek</td></tr><tr><td>med-monde</td><td>Médecin du monde</td><td>dokters van de wereld</td></tr><tr><td>ngo</td><td>ONG</td><td>NGO</td></tr><tr><td>family-planning</td><td>Centre planning familial</td><td>Centrum gezinsplanning</td></tr><tr><td>abroad</td><td>A l’étranger</td><td>Buitenland</td></tr><tr><td>other</td><td>Autre</td><td>Andere</td></tr></table></div>"
  },
  "url": "https://www.hl7belgium.org/fhir/CodeSystem/be-cs-care-location",
  "version": "0.1.0",
  "name": "BeCSCareLocation",
  "title": "Care Location Code System",
  "status": "draft",
  "date": "2021-07-17T15:24:49+00:00",
  "publisher": "mmm",
  "contact": [
    {
      "telecom": [
        {
          "system": "url",
          "value": "http://somewhere.org"
        }
      ]
    }
  ],
  "description": "Care Location Code System",
  "jurisdiction": [
    {
      "coding": [
        {
          "system": "http://unstats.un.org/unsd/methods/m49/m49.htm",
          "code": "056"
        },
        {
          "system": "urn:iso:std:iso:3166",
          "code": "BE"
        }
      ]
    }
  ],
  "content": "complete",
  "concept": [
    {
      "code": "hospital",
      "display": "Hospital",
      "designation": [
        {
          "language": "fr-BE",
          "value": "A l’hôpital"
        },
        {
          "language": "nl-BE",
          "value": "Ziekenhuis"
        }
      ]
    },
    {
      "code": "patient-home",
      "display": "Patient home",
      "designation": [
        {
          "language": "fr-BE",
          "value": "A domicile"
        },
        {
          "language": "nl-BE",
          "value": "Thuis"
        }
      ]
    },
    {
      "code": "nursing-home",
      "display": "Nursing home",
      "designation": [
        {
          "language": "fr-BE",
          "value": "En maison de repos"
        },
        {
          "language": "nl-BE",
          "value": "Rusthuis"
        }
      ]
    },
    {
      "code": "recovery-home",
      "display": "Recovery home",
      "designation": [
        {
          "language": "fr-BE",
          "value": "En maison de revalidation"
        },
        {
          "language": "nl-BE",
          "value": "In huis van revalidatie"
        }
      ]
    },
    {
      "code": "workplace",
      "display": "Workplace",
      "designation": [
        {
          "language": "fr-BE",
          "value": "Au cabinet"
        },
        {
          "language": "nl-BE",
          "value": "In het kantoor"
        }
      ]
    },
    {
      "code": "medical-center",
      "display": "Medical center",
      "designation": [
        {
          "language": "fr-BE",
          "value": "En maison médicale"
        },
        {
          "language": "nl-BE",
          "value": "Medisch huis"
        }
      ]
    },
    {
      "code": "clinic",
      "display": "Clinic",
      "designation": [
        {
          "language": "fr-BE",
          "value": "A la clinique"
        },
        {
          "language": "nl-BE",
          "value": "Kliniek"
        }
      ]
    },
    {
      "code": "pediatric-ic",
      "display": "Pediatric ic",
      "designation": [
        {
          "language": "fr-BE",
          "value": "En unité de soins intensive pédiatrique"
        },
        {
          "language": "nl-BE",
          "value": "Pediatrische intensive care"
        }
      ]
    },
    {
      "code": "neonatal-ic",
      "display": "Neonatal ic",
      "designation": [
        {
          "language": "fr-BE",
          "value": "En unité de soins intensive pédiatrique néonatal"
        },
        {
          "language": "nl-BE",
          "value": "Neonatale pediatrische intensive care"
        }
      ]
    },
    {
      "code": "prenatal-consult",
      "display": "Prenatal consult",
      "designation": [
        {
          "language": "fr-BE",
          "value": "Consultation prénatale"
        },
        {
          "language": "nl-BE",
          "value": "prenataal consult"
        }
      ]
    },
    {
      "code": "m-accueil",
      "display": "m-accueil",
      "designation": [
        {
          "language": "fr-BE",
          "value": "Milieu d’accueil"
        },
        {
          "language": "nl-BE",
          "value": "kinderopvang"
        }
      ]
    },
    {
      "code": "child-consult",
      "display": "Child consult",
      "designation": [
        {
          "language": "fr-BE",
          "value": "Consultation pour enfant"
        },
        {
          "language": "nl-BE",
          "value": "kind consult"
        }
      ]
    },
    {
      "code": "one",
      "display": "ONE",
      "designation": [
        {
          "language": "fr-BE",
          "value": "ONE"
        },
        {
          "language": "nl-BE",
          "value": "ONE"
        }
      ]
    },
    {
      "code": "kind-gezin",
      "display": "Kind en gezin",
      "designation": [
        {
          "language": "fr-BE",
          "value": "Kind&Gezin"
        },
        {
          "language": "nl-BE",
          "value": "Kind&Gezin"
        }
      ]
    },
    {
      "code": "ambulance",
      "display": "Ambulance",
      "designation": [
        {
          "language": "fr-BE",
          "value": "Ambulance"
        },
        {
          "language": "nl-BE",
          "value": "Ambulance"
        }
      ]
    },
    {
      "code": "school",
      "display": "School",
      "designation": [
        {
          "language": "fr-BE",
          "value": "A l’école"
        },
        {
          "language": "nl-BE",
          "value": "School"
        }
      ]
    },
    {
      "code": "school-health-serv",
      "display": "School health services",
      "designation": [
        {
          "language": "fr-BE",
          "value": "services de santé scolaire"
        },
        {
          "language": "nl-BE",
          "value": "gezondheidsdiensten op school"
        }
      ]
    },
    {
      "code": "pharmacy",
      "display": "Pharmacy",
      "designation": [
        {
          "language": "fr-BE",
          "value": "Pharmacie"
        },
        {
          "language": "nl-BE",
          "value": "Apotheek"
        }
      ]
    },
    {
      "code": "med-monde",
      "display": "Med monde",
      "designation": [
        {
          "language": "fr-BE",
          "value": "Médecin du monde"
        },
        {
          "language": "nl-BE",
          "value": "dokters van de wereld"
        }
      ]
    },
    {
      "code": "ngo",
      "display": "Non-Governmental Organization",
      "designation": [
        {
          "language": "fr-BE",
          "value": "ONG"
        },
        {
          "language": "nl-BE",
          "value": "NGO"
        }
      ]
    },
    {
      "code": "family-planning",
      "display": "Family planning",
      "designation": [
        {
          "language": "fr-BE",
          "value": "Centre planning familial"
        },
        {
          "language": "nl-BE",
          "value": "Centrum gezinsplanning"
        }
      ]
    },
    {
      "code": "abroad",
      "display": "Abroad",
      "designation": [
        {
          "language": "fr-BE",
          "value": "A l’étranger"
        },
        {
          "language": "nl-BE",
          "value": "Buitenland"
        }
      ]
    },
    {
      "code": "other",
      "display": "other",
      "designation": [
        {
          "language": "fr-BE",
          "value": "Autre"
        },
        {
          "language": "nl-BE",
          "value": "Andere"
        }
      ]
    }
  ]
}