{
  "resourceType": "Encounter",
  "id": "example-encounter-uzgent-contained",
  "text": {
    "status": "generated",
    "div": "<div xmlns=\"http://www.w3.org/1999/xhtml\"><p><b>Generated Narrative</b></p><p><b>status</b>: finished</p><p><b>class</b>: <span title=\"{http://terminology.hl7.org/CodeSystem/v3-ActCode OBSENC}\">observation encounter</span></p><p><b>period</b>: 2020-10-12 --&gt; 2020-10-15</p><h3>Locations</h3><table class=\"grid\"><tr><td>-</td><td><b>Location</b></td></tr><tr><td>*</td><td><a href=\"Location/uz-gent\">Location/uz-gent</a></td></tr></table></div>"
  },
  "status": "finished",
  "class": {
    "system": "http://terminology.hl7.org/CodeSystem/v3-ActCode",
    "code": "OBSENC"
  },
  "period": {
    "start": "2020-10-12",
    "end": "2020-10-15"
  },
  "location": [
    {
      "location": {
        "reference": "Location/uz-gent"
      }
    }
  ]
}