{
  "resourceType": "Immunization",
  "id": "immunization-example-tetanus-cautious-reinforcement",
  "meta": {
    "profile": [
      "https://www.hl7belgium.org/fhir/StructureDefinition/be-vaccination"
    ]
  },
  "language": "nl-BE",
  "text": {
    "status": "extensions",
    "div": "<div xmlns=\"http://www.w3.org/1999/xhtml\" xml:lang=\"nl-BE\" lang=\"nl-BE\"><p><b>Generated Narrative</b></p><p><b>Who recorded the information</b>: <a href=\"Organization-org-uz-gent.html\">Generated Summary: id: 4342357223509; active; name: UZ Gent; https://www.uzgent.be/</a></p><p><b>Location (reference, code or text) of the vaccination</b>: <a href=\"Organization-org-uz-gent.html\">Generated Summary: id: 4342357223509; active; name: UZ Gent; https://www.uzgent.be/</a></p><p><b>identifier</b>: id: 82786523</p><p><b>status</b>: completed</p><p><b>vaccineCode</b>: <span title=\"Codes: \">tetanus</span></p><p><b>patient</b>: <span></span></p><p><b>occurrence</b>: Summer 2011</p><p><b>recorded</b>: 2020-05-17</p><h3>Performers</h3><table class=\"grid\"><tr><td>-</td><td><b>Actor</b></td></tr><tr><td>*</td><td><a href=\"Organization-org-uz-gent.html\">Generated Summary: id: 4342357223509; active; name: UZ Gent; https://www.uzgent.be/</a></td></tr></table></div>"
  },
  "extension": [
    {
      "url": "https://www.hl7belgium.org/fhir/StructureDefinition/be-ext-recorder",
      "valueReference": {
        "reference": "Organization/org-uz-gent"
      }
    },
    {
      "url": "https://www.hl7belgium.org/fhir/StructureDefinition/be-ext-vaccination-location",
      "valueReference": {
        "reference": "Organization/org-uz-gent"
      }
    }
  ],
  "identifier": [
    {
      "system": "https://www.uzgent.be/vaccinatie/register",
      "value": "82786523"
    }
  ],
  "status": "completed",
  "vaccineCode": {
    "text": "tetanus"
  },
  "patient": {
    "identifier": {
      "system": "https://www.ehealth.fgov.be/standards/fhir/NamingSystem/ssin",
      "value": "59050937740"
    }
  },
  "occurrenceString": "Summer 2011",
  "recorded": "2020-05-17",
  "performer": [
    {
      "actor": {
        "reference": "Organization/org-uz-gent"
      }
    }
  ]
}