{
  "resourceType": "Immunization",
  "id": "immunization-example-not-given-stock",
  "meta": {
    "profile": [
      "https://www.hl7belgium.org/fhir/StructureDefinition/be-vaccination"
    ]
  },
  "language": "nl-BE",
  "text": {
    "status": "extensions",
    "div": "<div xmlns=\"http://www.w3.org/1999/xhtml\" xml:lang=\"nl-BE\" lang=\"nl-BE\"><p><b>Generated Narrative</b></p><p><b>Who recorded the information</b>: <a href=\"Organization-org-kind-en-gezin.html\">Generated Summary: id: 457223509; active; name: Kind en Gezin; https://www.kindengezin.be/</a></p><p><b>Location (reference, code or text) of the vaccination</b>: <a href=\"Organization-org-kind-en-gezin.html\">Generated Summary: id: 457223509; active; name: Kind en Gezin; https://www.kindengezin.be/</a></p><p><b>identifier</b>: id: 6025645645645</p><p><b>status</b>: not-done</p><p><b>statusReason</b>: <span title=\"Codes: \">Geen voorraad</span></p><p><b>vaccineCode</b>: <span title=\"Codes: \">Hepatitis B</span></p><p><b>patient</b>: <span></span></p><p><b>occurrence</b>: 2020-03-12</p><p><b>recorded</b>: 2020-03-12</p><h3>Performers</h3><table class=\"grid\"><tr><td>-</td><td><b>Actor</b></td></tr><tr><td>*</td><td><a href=\"Organization-org-kind-en-gezin.html\">Generated Summary: id: 457223509; active; name: Kind en Gezin; https://www.kindengezin.be/</a></td></tr></table></div>"
  },
  "extension": [
    {
      "url": "https://www.hl7belgium.org/fhir/StructureDefinition/be-ext-recorder",
      "valueReference": {
        "reference": "Organization/org-kind-en-gezin"
      }
    },
    {
      "url": "https://www.hl7belgium.org/fhir/StructureDefinition/be-ext-vaccination-location",
      "valueReference": {
        "reference": "Organization/org-kind-en-gezin"
      }
    }
  ],
  "identifier": [
    {
      "system": "https://www.kindengezin.be/vaccinatie/vaccination-register",
      "value": "6025645645645"
    }
  ],
  "status": "not-done",
  "statusReason": {
    "coding": [
      {
        "code": "OSTOCK",
        "display": "Geen voorraad"
      }
    ]
  },
  "vaccineCode": {
    "coding": [
      {
        "code": "HBV",
        "display": "Hepatitis B"
      }
    ]
  },
  "patient": {
    "identifier": {
      "system": "https://www.ehealth.fgov.be/standards/fhir/NamingSystem/ssin",
      "value": "59050937740"
    }
  },
  "occurrenceDateTime": "2020-03-12",
  "recorded": "2020-03-12",
  "performer": [
    {
      "actor": {
        "reference": "Organization/org-kind-en-gezin"
      }
    }
  ]
}