{
  "resourceType": "Questionnaire",
  "id": "mkatz-questionnaire",
  "language": "en",
  "text": {
    "status": "generated",
    "div": "<div xmlns=\"http://www.w3.org/1999/xhtml\" xml:lang=\"en\" lang=\"en\"><table border=\"1\" cellpadding=\"0\" cellspacing=\"0\" style=\"border: 1px #F0F0F0 solid; font-size: 11px; font-family: verdana; vertical-align: top;\"><tr style=\"border: 2px #F0F0F0 solid; font-size: 11px; font-family: verdana; vertical-align: top\"><th style=\"vertical-align: top; text-align : left; background-color: white; border: 1px #F0F0F0 solid; padding:0px 4px 0px 4px\" class=\"hierarchy\"><a href=\"http://hl7.org/fhir/R4/formats.html#table\" title=\"The linkId for the item\">LinkId</a></th><th style=\"vertical-align: top; text-align : left; background-color: white; border: 1px #F0F0F0 solid; padding:0px 4px 0px 4px\" class=\"hierarchy\"><a href=\"http://hl7.org/fhir/R4/formats.html#table\" title=\"Text for the item\">Text</a></th><th style=\"vertical-align: top; text-align : left; background-color: white; border: 1px #F0F0F0 solid; padding:0px 4px 0px 4px\" class=\"hierarchy\"><a href=\"http://hl7.org/fhir/R4/formats.html#table\" title=\"Minimum and Maximum # of times the the itemcan appear in the instance\">Cardinality</a></th><th style=\"vertical-align: top; text-align : left; background-color: white; border: 1px #F0F0F0 solid; padding:0px 4px 0px 4px\" class=\"hierarchy\"><a href=\"http://hl7.org/fhir/R4/formats.html#table\" title=\"The type of the item\">Type</a></th><th style=\"vertical-align: top; text-align : left; background-color: white; border: 1px #F0F0F0 solid; padding:0px 4px 0px 4px\" class=\"hierarchy\"><a href=\"http://hl7.org/fhir/R4/formats.html#table\" title=\"Additional information about the item\">Description &amp; Constraints</a><span style=\"float: right\"><a href=\"http://hl7.org/fhir/R4/formats.html#table\" title=\"Legend for this format\"><img src=\"http://hl7.org/fhir/R4/help16.png\" alt=\"doco\" style=\"background-color: inherit\"/></a></span></th></tr><tr style=\"border: 1px #F0F0F0 solid; padding:0px; vertical-align: top; background-color: white\"><td style=\"vertical-align: top; text-align : left; background-color: white; border: 1px #F0F0F0 solid; padding:0px 4px 0px 4px; white-space: nowrap; background-image: url(tbl_bck1.png)\" class=\"hierarchy\"><img src=\"tbl_spacer.png\" alt=\".\" style=\"background-color: inherit\" class=\"hierarchy\"/><img src=\"icon_q_root.gif\" alt=\".\" style=\"background-color: white; background-color: inherit\" title=\"QuestionnaireRoot\" class=\"hierarchy\"/> MKatzQuestionnaire</td><td style=\"vertical-align: top; text-align : left; background-color: white; border: 1px #F0F0F0 solid; padding:0px 4px 0px 4px\" class=\"hierarchy\"></td><td style=\"vertical-align: top; text-align : left; background-color: white; border: 1px #F0F0F0 solid; padding:0px 4px 0px 4px\" class=\"hierarchy\"></td><td style=\"vertical-align: top; text-align : left; background-color: white; border: 1px #F0F0F0 solid; padding:0px 4px 0px 4px\" class=\"hierarchy\">Questionnaire</td><td style=\"vertical-align: top; text-align : left; background-color: white; border: 1px #F0F0F0 solid; padding:0px 4px 0px 4px\" class=\"hierarchy\"/></tr>\r\n<tr style=\"border: 1px #F0F0F0 solid; padding:0px; vertical-align: top; background-color: #F7F7F7\"><td style=\"vertical-align: top; text-align : left; background-color: #F7F7F7; border: 1px #F0F0F0 solid; padding:0px 4px 0px 4px; white-space: nowrap; background-image: url(tbl_bck10.png)\" class=\"hierarchy\"><img src=\"tbl_spacer.png\" alt=\".\" style=\"background-color: inherit\" class=\"hierarchy\"/><img src=\"tbl_vjoin.png\" alt=\".\" style=\"background-color: inherit\" class=\"hierarchy\"/><img src=\"icon-q-coding.png\" alt=\".\" style=\"background-color: #F7F7F7; background-color: inherit\" title=\"Coding\" class=\"hierarchy\"/> bathing</td><td style=\"vertical-align: top; text-align : left; background-color: #F7F7F7; border: 1px #F0F0F0 solid; padding:0px 4px 0px 4px\" class=\"hierarchy\">Se laver</td><td style=\"vertical-align: top; text-align : left; background-color: #F7F7F7; border: 1px #F0F0F0 solid; padding:0px 4px 0px 4px\" class=\"hierarchy\">0..1</td><td style=\"vertical-align: top; text-align : left; background-color: #F7F7F7; border: 1px #F0F0F0 solid; padding:0px 4px 0px 4px\" class=\"hierarchy\"><a href=\"http://hl7.org/fhir/R4/codesystem-item-type.html#item-type-choice\">choice</a></td><td style=\"vertical-align: top; text-align : left; background-color: #F7F7F7; border: 1px #F0F0F0 solid; padding:0px 4px 0px 4px\" class=\"hierarchy\">Value Set: <a href=\"ValueSet-mkatz-questionnaire_vs-mkatz-bathing-dep.html\">ModifiedKatzScaleBathing</a></td></tr>\r\n<tr style=\"border: 1px #F0F0F0 solid; padding:0px; vertical-align: top; background-color: white\"><td style=\"vertical-align: top; text-align : left; background-color: white; border: 1px #F0F0F0 solid; padding:0px 4px 0px 4px; white-space: nowrap; background-image: url(tbl_bck10.png)\" class=\"hierarchy\"><img src=\"tbl_spacer.png\" alt=\".\" style=\"background-color: inherit\" class=\"hierarchy\"/><img src=\"tbl_vjoin.png\" alt=\".\" style=\"background-color: inherit\" class=\"hierarchy\"/><img src=\"icon-q-coding.png\" alt=\".\" style=\"background-color: white; background-color: inherit\" title=\"Coding\" class=\"hierarchy\"/> dressing</td><td style=\"vertical-align: top; text-align : left; background-color: white; border: 1px #F0F0F0 solid; padding:0px 4px 0px 4px\" class=\"hierarchy\">S'habiller</td><td style=\"vertical-align: top; text-align : left; background-color: white; border: 1px #F0F0F0 solid; padding:0px 4px 0px 4px\" class=\"hierarchy\">0..1</td><td style=\"vertical-align: top; text-align : left; background-color: white; border: 1px #F0F0F0 solid; padding:0px 4px 0px 4px\" class=\"hierarchy\"><a href=\"http://hl7.org/fhir/R4/codesystem-item-type.html#item-type-choice\">choice</a></td><td style=\"vertical-align: top; text-align : left; background-color: white; border: 1px #F0F0F0 solid; padding:0px 4px 0px 4px\" class=\"hierarchy\">Value Set: <a href=\"ValueSet-mkatz-questionnaire_vs-mkatz-dressing-dep.html\">ModifiedKatzScaleDressing</a></td></tr>\r\n<tr style=\"border: 1px #F0F0F0 solid; padding:0px; vertical-align: top; background-color: #F7F7F7\"><td style=\"vertical-align: top; text-align : left; background-color: #F7F7F7; border: 1px #F0F0F0 solid; padding:0px 4px 0px 4px; white-space: nowrap; background-image: url(tbl_bck10.png)\" class=\"hierarchy\"><img src=\"tbl_spacer.png\" alt=\".\" style=\"background-color: inherit\" class=\"hierarchy\"/><img src=\"tbl_vjoin.png\" alt=\".\" style=\"background-color: inherit\" class=\"hierarchy\"/><img src=\"icon-q-coding.png\" alt=\".\" style=\"background-color: #F7F7F7; background-color: inherit\" title=\"Coding\" class=\"hierarchy\"/> transferring</td><td style=\"vertical-align: top; text-align : left; background-color: #F7F7F7; border: 1px #F0F0F0 solid; padding:0px 4px 0px 4px\" class=\"hierarchy\">Se déplacer</td><td style=\"vertical-align: top; text-align : left; background-color: #F7F7F7; border: 1px #F0F0F0 solid; padding:0px 4px 0px 4px\" class=\"hierarchy\">0..1</td><td style=\"vertical-align: top; text-align : left; background-color: #F7F7F7; border: 1px #F0F0F0 solid; padding:0px 4px 0px 4px\" class=\"hierarchy\"><a href=\"http://hl7.org/fhir/R4/codesystem-item-type.html#item-type-choice\">choice</a></td><td style=\"vertical-align: top; text-align : left; background-color: #F7F7F7; border: 1px #F0F0F0 solid; padding:0px 4px 0px 4px\" class=\"hierarchy\">Value Set: <a href=\"ValueSet-mkatz-questionnaire_vs-mkatz-transferring-dep.html\">ModifiedKatzScaleTransferring</a></td></tr>\r\n<tr style=\"border: 1px #F0F0F0 solid; padding:0px; vertical-align: top; background-color: white\"><td style=\"vertical-align: top; text-align : left; background-color: white; border: 1px #F0F0F0 solid; padding:0px 4px 0px 4px; white-space: nowrap; background-image: url(tbl_bck10.png)\" class=\"hierarchy\"><img src=\"tbl_spacer.png\" alt=\".\" style=\"background-color: inherit\" class=\"hierarchy\"/><img src=\"tbl_vjoin.png\" alt=\".\" style=\"background-color: inherit\" class=\"hierarchy\"/><img src=\"icon-q-coding.png\" alt=\".\" style=\"background-color: white; background-color: inherit\" title=\"Coding\" class=\"hierarchy\"/> toileting</td><td style=\"vertical-align: top; text-align : left; background-color: white; border: 1px #F0F0F0 solid; padding:0px 4px 0px 4px\" class=\"hierarchy\">Aller à la toilette</td><td style=\"vertical-align: top; text-align : left; background-color: white; border: 1px #F0F0F0 solid; padding:0px 4px 0px 4px\" class=\"hierarchy\">0..1</td><td style=\"vertical-align: top; text-align : left; background-color: white; border: 1px #F0F0F0 solid; padding:0px 4px 0px 4px\" class=\"hierarchy\"><a href=\"http://hl7.org/fhir/R4/codesystem-item-type.html#item-type-choice\">choice</a></td><td style=\"vertical-align: top; text-align : left; background-color: white; border: 1px #F0F0F0 solid; padding:0px 4px 0px 4px\" class=\"hierarchy\">Value Set: <a href=\"ValueSet-mkatz-questionnaire_vs-mkatz-toileting-dep.html\">ModifiedKatzScaleToileting</a></td></tr>\r\n<tr style=\"border: 1px #F0F0F0 solid; padding:0px; vertical-align: top; background-color: #F7F7F7\"><td style=\"vertical-align: top; text-align : left; background-color: #F7F7F7; border: 1px #F0F0F0 solid; padding:0px 4px 0px 4px; white-space: nowrap; background-image: url(tbl_bck10.png)\" class=\"hierarchy\"><img src=\"tbl_spacer.png\" alt=\".\" style=\"background-color: inherit\" class=\"hierarchy\"/><img src=\"tbl_vjoin.png\" alt=\".\" style=\"background-color: inherit\" class=\"hierarchy\"/><img src=\"icon-q-coding.png\" alt=\".\" style=\"background-color: #F7F7F7; background-color: inherit\" title=\"Coding\" class=\"hierarchy\"/> continence</td><td style=\"vertical-align: top; text-align : left; background-color: #F7F7F7; border: 1px #F0F0F0 solid; padding:0px 4px 0px 4px\" class=\"hierarchy\">La continence</td><td style=\"vertical-align: top; text-align : left; background-color: #F7F7F7; border: 1px #F0F0F0 solid; padding:0px 4px 0px 4px\" class=\"hierarchy\">0..1</td><td style=\"vertical-align: top; text-align : left; background-color: #F7F7F7; border: 1px #F0F0F0 solid; padding:0px 4px 0px 4px\" class=\"hierarchy\"><a href=\"http://hl7.org/fhir/R4/codesystem-item-type.html#item-type-choice\">choice</a></td><td style=\"vertical-align: top; text-align : left; background-color: #F7F7F7; border: 1px #F0F0F0 solid; padding:0px 4px 0px 4px\" class=\"hierarchy\">Value Set: <a href=\"ValueSet-mkatz-questionnaire_vs-mkatz-continence-dep.html\">ModifiedKatzScaleContinence</a></td></tr>\r\n<tr style=\"border: 1px #F0F0F0 solid; padding:0px; vertical-align: top; background-color: white\"><td style=\"vertical-align: top; text-align : left; background-color: white; border: 1px #F0F0F0 solid; padding:0px 4px 0px 4px; white-space: nowrap; background-image: url(tbl_bck00.png)\" class=\"hierarchy\"><img src=\"tbl_spacer.png\" alt=\".\" style=\"background-color: inherit\" class=\"hierarchy\"/><img src=\"tbl_vjoin_end.png\" alt=\".\" style=\"background-color: inherit\" class=\"hierarchy\"/><img src=\"icon-q-coding.png\" alt=\".\" style=\"background-color: white; background-color: inherit\" title=\"Coding\" class=\"hierarchy\"/> feeding</td><td style=\"vertical-align: top; text-align : left; background-color: white; border: 1px #F0F0F0 solid; padding:0px 4px 0px 4px\" class=\"hierarchy\">Manger</td><td style=\"vertical-align: top; text-align : left; background-color: white; border: 1px #F0F0F0 solid; padding:0px 4px 0px 4px\" class=\"hierarchy\">0..1</td><td style=\"vertical-align: top; text-align : left; background-color: white; border: 1px #F0F0F0 solid; padding:0px 4px 0px 4px\" class=\"hierarchy\"><a href=\"http://hl7.org/fhir/R4/codesystem-item-type.html#item-type-choice\">choice</a></td><td style=\"vertical-align: top; text-align : left; background-color: white; border: 1px #F0F0F0 solid; padding:0px 4px 0px 4px\" class=\"hierarchy\">Value Set: <a href=\"ValueSet-mkatz-questionnaire_vs-mkatz-feeding-dep.html\">ModifiedKatzScaleFeeding</a></td></tr>\r\n<tr><td colspan=\"5\" class=\"hierarchy\"><br/><a href=\"http://hl7.org/fhir/R4/formats.html#table\" title=\"Legend for this format\"><img src=\"http://hl7.org/fhir/R4/help16.png\" alt=\"doco\" style=\"background-color: inherit\"/> Documentation for this format</a></td></tr></table></div>"
  },
  "contained": [
    {
      "resourceType": "ValueSet",
      "id": "vs-mkatz-bathing-dep",
      "name": "ModifiedKatzScaleBathing",
      "status": "draft",
      "compose": {
        "include": [
          {
            "system": "http://example.org/cs-mkatz",
            "concept": [
              {
                "code": "bathing-dep-0",
                "display": "Le patient est capable de se laver complètement sans aucune aide"
              },
              {
                "code": "bathing-dep-1",
                "display": "Le patient a besoin d'une aide partielle pour se laver au dessus ou en dessous de la ceinture"
              },
              {
                "code": "bathing-dep-2",
                "display": "Le patient a besoin d'un aide partielle pour se laver tant au-dessus qu'en-dessous de la ceinture"
              },
              {
                "code": "bathing-dep-3",
                "display": "Le patient doit être entièrement aidé pour se laver tant au-dessus qu'en-dessous de la ceinture"
              }
            ]
          }
        ]
      }
    },
    {
      "resourceType": "ValueSet",
      "id": "vs-mkatz-dressing-dep",
      "name": "ModifiedKatzScaleDressing",
      "status": "draft",
      "compose": {
        "include": [
          {
            "system": "http://example.org/cs-mkatz",
            "concept": [
              {
                "code": "dressing-dep-0",
                "display": "Le patient est capable de s'habiller et de se déshabiller complètement sans aucune aide"
              },
              {
                "code": "dressing-dep-1",
                "display": "Le patient a besoin d'une aide partielle pour s'habiller au dessus ou en dessous de la ceinture (sans tenir compte des lacets)"
              },
              {
                "code": "dressing-dep-2",
                "display": "Le patient a besoin d'une aide partielle pour s'habiller tant au-dessus qu'en-dessous de la ceinture"
              },
              {
                "code": "dressing-dep-3",
                "display": "Le patient doit être entièrement aidé pour s'habiller tant au-dessus qu'en-dessous de la ceinture"
              }
            ]
          }
        ]
      }
    },
    {
      "resourceType": "ValueSet",
      "id": "vs-mkatz-transferring-dep",
      "name": "ModifiedKatzScaleTransferring",
      "status": "draft",
      "compose": {
        "include": [
          {
            "system": "http://example.org/cs-mkatz",
            "concept": [
              {
                "code": "transferring-dep-0",
                "display": "Le patient est autonome pour le transfert et se déplace de façon entièrement indépendante, sans auxiliaires mécaniques, ni aide de tiers"
              },
              {
                "code": "transferring-dep-1",
                "display": "Le patient est autonome pour le transfert et ses déplacements moyennant l'utilisation d'auxiliaires mécaniques (béquilles, chaise roulante, …)"
              },
              {
                "code": "transferring-dep-2",
                "display": "Le patient a absolument besoin de l'aide d'un tiers pour au moins un des transferts et/ou ses déplacements"
              },
              {
                "code": "transferring-dep-3",
                "display": "Le patient est grabataire ou en chaise roulante et dépend entièrement des autres pour se déplacer"
              }
            ]
          }
        ]
      }
    },
    {
      "resourceType": "ValueSet",
      "id": "vs-mkatz-toileting-dep",
      "name": "ModifiedKatzScaleToileting",
      "status": "draft",
      "compose": {
        "include": [
          {
            "system": "http://example.org/cs-mkatz",
            "concept": [
              {
                "code": "toileting-dep-0",
                "display": "Le patient est capable d'aller seul à la toilette, de s'habiller ou de s'essuyer"
              },
              {
                "code": "toileting-dep-1",
                "display": "Le patient a besoin d'aide pour 1 des 3 items : se déplacer ou s'habiller ou se s'essuyer"
              },
              {
                "code": "toileting-dep-2",
                "display": "Le patient a besoin d'aide pour 2 des 3 items : se déplacer ou s'habiller ou se s'essuyer"
              },
              {
                "code": "toileting-dep-3",
                "display": "Le patient a besoin d'aide pour les 3 items : se déplacer ou s'habiller ou se s'essuyer"
              }
            ]
          }
        ]
      }
    },
    {
      "resourceType": "ValueSet",
      "id": "vs-mkatz-continence-dep",
      "name": "ModifiedKatzScaleContinence",
      "status": "draft",
      "compose": {
        "include": [
          {
            "system": "http://example.org/cs-mkatz",
            "concept": [
              {
                "code": "continence-dep-0",
                "display": "Le patient est continent pour l'urine et les selles"
              },
              {
                "code": "continence-dep-1",
                "display": "Le patient est accidentellement incontinent pour les urines et les selles (sonde vésicale ou anus artificiel compris)"
              },
              {
                "code": "continence-dep-2",
                "display": "Le patient est incontinent pour l'urine (y compris exercices de miction) ou les selles"
              },
              {
                "code": "continence-dep-3",
                "display": "Le patient est incontinent pour les urines et les selles"
              }
            ]
          }
        ]
      }
    },
    {
      "resourceType": "ValueSet",
      "id": "vs-mkatz-feeding-dep",
      "name": "ModifiedKatzScaleFeeding",
      "status": "draft",
      "compose": {
        "include": [
          {
            "system": "http://example.org/cs-mkatz",
            "concept": [
              {
                "code": "feeding-dep-0",
                "display": "Le patient est capable de manger et boire seul"
              },
              {
                "code": "feeding-dep-1",
                "display": "Le patient besoin d'une aide préalable pour manger ou boire"
              },
              {
                "code": "feeding-dep-2",
                "display": "Le patient a besoin d'une aide partielle pendant qu'il mange ou boit"
              },
              {
                "code": "feeding-dep-3",
                "display": "Le patient est totalement dépendant pour manger et boire"
              }
            ]
          }
        ]
      }
    }
  ],
  "url": "https://www.hl7belgium.org/fhir/Questionnaire/mkatz-questionnaire",
  "version": "0.1.0",
  "name": "MKatzQuestionnaire",
  "title": "Modified Katz scale evaluation Questionnaire",
  "status": "draft",
  "subjectType": [
    "Patient"
  ],
  "date": "2021-07-17T12:02:14+00:00",
  "publisher": "RIZIV-INAMI",
  "contact": [
    {
      "telecom": [
        {
          "system": "url",
          "value": "http://somewhere.org"
        }
      ]
    }
  ],
  "jurisdiction": [
    {
      "coding": [
        {
          "system": "http://unstats.un.org/unsd/methods/m49/m49.htm",
          "code": "056"
        },
        {
          "system": "urn:iso:std:iso:3166",
          "code": "BE"
        }
      ]
    }
  ],
  "item": [
    {
      "linkId": "bathing",
      "text": "Se laver",
      "type": "choice",
      "repeats": false,
      "answerValueSet": "#vs-mkatz-bathing-dep"
    },
    {
      "linkId": "dressing",
      "text": "S'habiller",
      "type": "choice",
      "repeats": false,
      "answerValueSet": "#vs-mkatz-dressing-dep"
    },
    {
      "linkId": "transferring",
      "text": "Se déplacer",
      "type": "choice",
      "repeats": false,
      "answerValueSet": "#vs-mkatz-transferring-dep"
    },
    {
      "linkId": "toileting",
      "text": "Aller à la toilette",
      "type": "choice",
      "repeats": false,
      "answerValueSet": "#vs-mkatz-toileting-dep"
    },
    {
      "linkId": "continence",
      "text": "La continence",
      "type": "choice",
      "repeats": false,
      "answerValueSet": "#vs-mkatz-continence-dep"
    },
    {
      "linkId": "feeding",
      "text": "Manger",
      "type": "choice",
      "repeats": false,
      "answerValueSet": "#vs-mkatz-feeding-dep"
    }
  ]
}